1,1,0.00021863,0.73183,-0.8121,0.47831,7.2206,0.52997,-0.084624,1.0058,3
1,2,1.8567e-05,-0.12528,0.3812,-0.99335,6.616,-1.2936,0.75578,-1.0151,2
1,3,7.16e-05,-0.38789,1.2859,1.4557,7.6846,0.9737,0.99815,2.2714,2
1,4,0.0037508,-0.6957,1.7385,0.045094,4.6398,-0.26251,-0.029154,-0.66998,1
1,5,0.00045853,1.6117,0.72081,1.1896,8.1746,1.3603,0.48741,0.39726,3
1,6,0.0035723,-0.2187,-0.67253,-0.02373,3.8847,-1.5812,-0.88395,-0.67747,2
1,7,8.4407e-06,-2.088,1.4045,0.45286,5.7861,0.11115,1.2129,1.809,1
1,8,0.0012742,0.62619,-0.055856,0.31169,5.4563,1.3873,-0.58557,-0.36394,3
1,9,1.1547e-05,0.13895,-0.66981,-0.036492,7.8192,1.3204,1.0949,0.79552,2
1,10,7.4526e-05,-1.237,1.1062,0.17379,5.7447,-0.45005,0.61211,1.1236,1
1,11,0.0011483,1.0193,-0.86913,-0.40664,7.3133,1.1562,0.20564,-0.05619,3
1,12,0.00012508,-0.66319,0.10004,-0.83592,5.2677,-0.6261,-0.042404,-0.97346,1
1,13,2.6651e-05,-0.26304,-0.30532,-0.77792,5.7658,-0.013292,0.061349,0.13788,2
1,14,0.40563,2.5093,-0.99944,0.76944,6.1451,2.732,-0.7774,0.51847,3
1,15,0.00035061,1.1289,-0.22026,0.84701,7.4828,0.70538,0.026321,0.18558,3
1,16,0.00065273,1.056,0.3774,-0.73326,7.1151,1.7483,1.7428,0.58189,3
1,17,0.014245,0.70347,1.4022,1.2404,5.4037,1.741,0.64129,0.64633,3
1,18,0.00010003,0.60005,0.11505,1.106,7.0422,0.45187,1.0165,2.2623,3
1,19,0.00037363,1.3214,-1.7846,0.062791,7.6266,0.8258,-0.32944,1.2107,3
1,20,1.4217e-06,-2.8966,0.8431,-1.062,4.5216,-1.0219,-0.034024,0.032525,1
2,1,0.002569,-0.31265,1.1524,2.2302,6.6186,0.67732,0.57742,2.2548,2
2,2,5.2429e-06,-1.2794,-0.75095,-3.2892,5.6666,-0.60546,0.13504,-1.5594,1
2,3,9.9851e-05,-1.3401,-0.24272,-2.1245,4.7527,-0.1517,0.46388,-0.84781,1
2,4,0.038723,1.9244,-0.46561,1.0971,8.4048,1.195,-0.77854,0.2,3
2,5,0.00036129,-1.046,-1.6546,-3.0868,3.8037,-1.0579,-0.86562,-1.3168,1
2,6,0.0052892,0.76735,-1.2274,-0.025228,6.0773,0.83301,0.086456,-0.68538,3
2,7,0.00046162,-0.32351,0.64697,0.007057,7.4324,0.96301,1.2685,1.2019,2
2,8,4.2841e-05,-0.23378,0.12207,-0.57189,8.3002,-0.46547,1.6591,1.2183,2
2,9,0.0038846,-0.32963,1.294,0.82184,5.8103,-0.47399,0.60932,0.17783,2
2,10,0.002121,-0.005897,-1.5314,-1.3678,4.1,1.3473,-0.6219,-1.1897,2
2,11,0.0068954,0.42407,1.147,-0.45634,6.1795,0.4643,-0.29344,-1.3611,3
2,12,0.090792,1.2267,-1.1733,0.86639,5.4712,0.61905,-0.4217,0.89314,3
2,13,0.00092077,0.014162,0.19117,0.90354,5.2096,-0.15956,-1.5235,0.091276,2
2,14,0.0016308,0.5697,-1.6659,-2.3046,5.1878,0.12304,1.1827,-1.0112,3
2,15,0.0044661,-0.89578,1.2151,-0.40474,3.9761,-2.4654,0.84205,-0.88241,1
2,16,0.0036294,0.50959,-1.6962,0.72353,5.7696,-0.21379,-1.7394,0.96484,3
2,17,7.6666e-06,-1.5711,-0.43376,-0.51794,7.3371,0.22583,-0.85377,1.1895,1
2,18,8.9327e-06,-0.69275,0.087123,-1.2188,7.7196,1.4073,1.2797,1.2129,1
2,19,0.0035346,0.80962,-0.79339,-0.35308,6.25,0.86844,-0.061925,-0.16728,3
2,20,1.7178e-05,-0.79288,0.43474,0.19199,7.2199,-0.95604,1.4469,0.75228,1
3,1,4.505e-05,-1.0447,0.089106,0.027829,5.5087,0.23206,-0.053228,1.7078,1
3,2,0.00093853,-1.2456,0.41246,-0.14602,3.9306,-2.4564,-0.018931,1.0595,1
3,3,0.0039351,0.15889,0.33547,0.42579,4.8228,-0.27546,-0.50558,0.32334,2
3,4,0.00018989,-1.3405,-1.1766,-1.6225,5.1408,-1.2293,-0.55796,-1.2595,1
3,5,0.1485,0.70092,1.1731,2.3238,6.8742,-0.38242,0.33823,0.76973,3
3,6,0.004626,0.27737,-1.3147,-1.4122,5.0095,0.22689,-1.1565,-1.4,2
3,7,0.00016909,-0.8154,2.4632,0.82429,7.3413,0.59005,0.65654,0.8811,1
3,8,0.001176,0.91884,-0.63601,-0.17146,6.7799,-0.014306,1.0532,-0.21786,3
3,9,0.00036389,0.053971,1.5057,0.095696,6.6395,0.64137,0.98633,-0.71362,2
3,10,0.015714,-0.38397,-0.28774,-0.95736,3.9979,-1.0759,-0.64667,0.12593,2
3,11,0.0063168,1.3545,-1.3624,0.61772,8.1771,0.16036,0.50477,0.78406,3
3,12,0.00039769,-0.079409,-0.70485,0.051877,7.0396,0.12012,0.44815,1.057,2
3,13,3.5014e-05,-0.87987,0.18494,0.34851,6.4023,-0.7435,0.059553,0.34098,1
3,14,0.012626,0.33689,0.47621,0.01842,5.0308,0.31443,-0.86743,-0.55108,2
3,15,2.5514e-05,-0.053199,-1.3339,0.57204,6.8016,-0.29553,0.77937,1.922,2
3,16,0.0029374,-0.25432,-0.15534,-0.018591,4.2369,-0.97271,-0.66588,0.71315,2
3,17,0.0066106,0.12976,-0.13592,0.23479,3.9591,-1.5459,-1.2106,-0.58997,2
3,18,7.2782e-05,0.67404,0.22561,1.2577,9.375,1.8559,1.048,1.6036,3
4,1,0.010428,0.55501,-1.5916,-1.2619,3.6104,-1.1611,-0.52268,-1.1061,3
4,2,0.013139,0.84409,-0.54584,0.52024,5.0201,0.0021634,0.59991,1.5688,3
4,3,0.00049227,0.39209,0.28288,0.51838,6.5048,0.7504,0.68795,0.11611,3
4,4,0.00026616,-0.34459,0.34321,1.0641,7.2848,-0.45987,0.21602,1.6902,2
4,5,0.00025512,0.93985,-2.1158,-1.9442,6.6827,0.80036,0.058625,0.89412,3
4,6,0.00012422,-1.4353,-0.40096,-0.43061,4.4217,-1.1287,-0.90597,0.93489,1
4,7,0.0062856,1.0646,-1.4066,-0.29742,5.4889,-0.26385,-0.756,-0.93188,3
4,8,0.00013119,-1.3529,1.754,0.56772,5.2533,-0.47539,1.0279,-0.46514,1
4,9,0.011993,0.68413,-0.81323,-0.054484,4.5648,1.1235,-0.50525,0.7605,3
4,10,0.2686,1.4009,0.34551,0.75421,4.3899,-0.64203,0.65993,-1.284,3
4,11,0.010661,-0.076865,1.8484,0.49856,3.8387,-1.576,-0.20575,-2.6275,2
4,12,0.016896,1.7473,-1.5703,-0.22505,5.4236,-0.5945,0.61887,0.72559,3
4,13,3.0194e-05,-0.78494,-0.38864,-1.399,5.5367,0.74945,-0.39254,0.12167,1
4,14,0.010381,1.8282,-1.4814,-0.75492,7.149,1.7069,0.54107,-0.4023,3
4,15,0.0014782,-0.89167,2.2896,1.0185,5.027,-1.4762,1.4541,1.1611,1
4,16,0.00058791,-0.51297,0.9868,-0.89222,5,-1.3869,0.81573,-1.7082,1
5,1,1.5904e-05,0.13268,-0.98067,-1.1483,6.3546,1.9072,0.85865,0.56015,2
5,2,0.00058834,1.2622,-1.583,-0.32348,5.6598,1.5952,-0.24598,0.20759,3
5,3,4.5931e-05,-1.1391,0.13502,0.15299,4.3965,0.857,-0.85597,0.81786,1
5,4,2.0555e-05,0.19687,-0.99105,-1.4009,7.4825,0.9814,-0.017917,-0.94613,2
5,5,0.0023545,-0.30264,0.027935,-0.67229,3.5105,-1.1116,0.45797,-0.57626,2
5,6,2.6849e-06,-2.9852,0.89154,-0.66871,5.7572,-2.4257,1.3632,0.4379,1
5,7,1.7706e-05,-1.2022,1.2558,0.85318,5.5996,-0.75724,-0.32419,1.2729,1
5,8,0.55021,1.5721,-1.0899,1.4618,4.0207,0.04182,-2.2085,-0.28728,3
5,9,3.9288e-05,-0.19103,1.0586,0.029618,6.0222,-0.48351,2.1704,0.67437,2
5,10,3.5013e-05,0.40426,0.0043566,0.28315,6.4424,-0.98296,1.2342,0.03882,3
5,11,1.583e-05,-0.44367,0.35131,0.84457,6.3369,0.58622,0.70749,1.5153,2
5,12,7.9333e-06,-0.41676,0.28458,-0.73198,5.7025,-0.62585,0.16822,-0.69184,2
5,13,4.0829e-06,-0.977,0.20988,0.0078087,6.8835,0.01088,0.015284,2.1382,1
5,14,0.22966,0.84953,0.21322,-0.35897,2.6745,0.5104,0.74056,-0.38918,3
5,15,1.8501e-05,0.42257,1.0705,1.1479,8.7284,1.6794,0.88699,1.4809,3
5,16,0.0017413,0.10943,0.29714,1.3129,4.5663,-1.4937,1.3234,1.0693,2
5,17,7.6442e-06,-0.24651,0.093038,0.72249,6.8759,-0.24151,0.67017,1.2728,2
5,18,0.00015473,-0.68389,-1.5508,-0.68055,4.2062,-1.1266,-1.4992,-0.074733,1
5,19,0.00028633,-0.19758,0.10013,-0.5464,5.6896,1.1639,-1.172,-0.36776,2
6,1,0.01722,0.27975,0.21608,-0.046134,5.0016,-0.064141,0.34741,-0.71913,2
6,2,0.00035949,0.83548,-1.043,-2.3037,7.3952,0.76002,0.60632,-1.8884,3
6,3,6.2706e-05,-0.72384,0.32469,0.054438,6.7304,-0.28845,1.2012,0.58607,1
6,4,0.0087877,0.069243,0.81145,0.93958,4.8381,-0.47496,0.62881,0.46821,2
6,5,0.043181,1.5287,-0.74891,0.80883,7.5,1.4919,0.24494,1.0855,3
6,6,1.8008e-05,-0.045891,-0.31782,-0.35107,6.3981,-0.32222,1.3752,-0.073205,2
6,7,3.3812e-05,-0.38227,2.0975,-0.49283,7.4825,1.3678,1.6001,0.80341,2
6,8,0.00089119,-0.48525,-0.46676,-0.50256,3.9609,-0.24481,-0.79824,-0.15684,1
6,9,0.0018916,-0.2076,0.43275,0.193,4.4692,-1.0284,0.27898,-1.4993,2
6,10,0.020628,0.21337,-1.7106,-0.69432,4.0858,-1.3905,-1.0409,-1.2676,2
6,11,3.3317e-06,-0.73736,1.8301,0.25696,7.111,0.98696,0.67257,0.76746,1
6,12,0.00076729,-0.10667,-0.44241,-0.25297,4.9313,-0.6622,-0.027347,0.097878,2
6,13,3.8367e-05,-0.73159,0.10471,-0.83159,5.8772,-0.24262,0.1748,-0.90506,1
6,14,0.00084958,-0.69972,0.5261,-1.0583,4.9567,0.45178,-0.10355,-1.4621,1
6,15,0.00015126,0.5524,0.37266,0.17161,8.0612,0.81611,1.523,-0.3529,3
6,16,0.037826,0.17469,0.87174,2.0534,5.1892,-0.6564,-0.25177,0.27862,2
6,17,0.0005787,-0.50805,-1.2754,-1.5389,3.609,-0.32494,-0.57597,-0.26591,1
6,18,0.076,-0.21242,0.18966,1.105,3.5346,-0.67815,-0.59729,0.080046,2
6,19,0.00022847,-0.53038,-0.065914,-0.67999,5.5686,-0.90959,-0.39351,-0.67803,1
6,20,0.00021298,-1.7305,-0.31846,-1.5438,4.0547,-1.4455,-0.055147,-0.37863,1
6,21,8.5753e-05,-0.23956,-0.99131,-1.4235,5.6317,0.27536,-0.34375,-0.93588,2
6,22,0.0054792,0.99941,-1.6747,-2.0369,4.375,-0.19619,-0.15698,-0.68987,3
7,1,0.00040408,0.22614,0.75553,0.46657,7.6937,0.62584,1.1261,0.34031,2
7,2,0.00020283,-0.89746,-0.38172,-1.082,4.2241,-0.83218,-1.9154,-2.0997,1
7,3,0.0079481,0.53887,-0.32108,-0.98188,4.0032,0.66052,-0.86003,-1.8908,3
7,4,0.00030649,0.27884,1.3377,0.18868,7.6774,1.7269,2.1322,0.45793,2
7,5,0.00032848,0.0060811,-0.32311,-0.30253,5.1096,0.16738,0.6364,0.51744,2
7,6,0.02025,-0.93014,0.15031,0.98863,2.8643,0.1045,-1.4506,0.61134,1
7,7,0.00021027,-0.40498,-1.4686,-0.65227,4.986,-0.71105,0.15216,0.048608,2
7,8,0.14571,0.75108,0.056286,1.6531,5.6679,0.63361,-0.029563,1.9912,3
7,9,0.0011816,0.74365,0.83615,0.80262,6.5775,1.4058,1.0159,0.413,3
7,10,0.044752,1.9111,-2.1418,0.44139,6.821,1.7109,-1.5548,0.34795,3
7,11,0.00015341,-0.39365,1.0005,1.345,6.6254,-0.40239,0.92411,1.5206,2
7,12,0.0015304,0.13584,-0.12493,0.65361,5.2499,-0.49779,-0.52771,-0.83992,2
7,13,0.01453,-0.29652,-2.1255,-1.381,2.6322,-1.8979,-2.0258,-0.94061,2
7,14,0.022349,2.0103,-1.2041,0.78309,6.875,0.75749,-1.5095,0.33772,3
7,15,3.7462e-05,-1.7955,2.0612,0.57583,6.6513,-1.3548,0.031664,0.46922,1
7,16,4.7249e-05,-0.53354,-1.6806,-1.5478,7.5,0.030156,-0.91335,0.42311,1
8,1,9.2509e-05,-0.44474,-0.33369,-0.55619,4.9819,-0.44674,-0.38803,0.40714,2
8,2,0.00026741,-1.0553,1.321,-1.3524,4.5204,-1.9624,-0.019477,-1.8262,1
8,3,0.013676,1.3765,-0.11944,0.08592,6.2482,0.72286,0.0080844,-0.77316,3
8,4,0.00019679,0.172,0.55125,-0.68889,6.3465,1.7791,-0.52458,-0.49592,2
8,5,0.00090356,1.165,-0.68603,-0.041191,6.6923,0.63184,0.47457,0.1629,3
8,6,3.1613e-05,-1.3873,1.7627,-1.1872,6.1066,0.94196,0.28964,-1.0978,1
8,7,0.0013983,0.98488,-1.5259,-1.2923,5.758,0.47046,-0.54301,-0.33073,3
8,8,0.00014827,0.21298,-0.15271,-0.53093,5.8753,0.22641,-0.9338,-1.3622,2
8,9,0.00012101,0.45127,0.063102,0.65496,7.176,0.8964,1.4496,0.93889,3
8,10,0.0014159,0.53732,-0.11671,0.43932,4.3929,-1.3974,-1.8392,-0.76914,3
8,11,0.0010225,0.53251,-0.88063,-0.61997,5.3856,0.65948,-0.9182,-1.582,3
8,12,0.0012395,-0.6211,0.45441,-1.4186,3.4259,-0.73836,0.40299,-2.1706,1
8,13,0.0038006,1.1147,-0.87335,0.19648,4.6729,0.21376,0.53762,0.46871,3
8,14,0.53357,1.7224,-1.7026,-0.78427,3.4598,-1.3657,-1.8064,-2.504,3
8,15,0.00057491,0.47712,0.0038323,0.27756,6.5964,0.79961,-1.3281,-0.23306,3
9,1,0.0017739,0.016044,-0.099013,-0.85709,6.4287,-0.99971,1.2587,-1.1837,2
9,2,2.5785e-05,-1.5622,0.16975,-2.1394,5.0806,-1.5322,0.90323,-0.60918,1
9,3,0.0015866,0.63068,-0.30451,0.39065,5.8799,0.45998,-0.74757,-0.52315,3
9,4,0.0059949,-0.2561,-0.19039,-0.40564,4.8033,-1.3837,0.22239,-0.46869,2
9,5,1.4234e-05,-1.58,0.22383,-0.49544,6.4016,-1.0967,-0.33403,0.21902,1
9,6,5.7189e-05,-0.96188,1.5015,-0.62722,6.2294,-0.97338,1.3332,-1.0405,1
9,7,0.11377,0.8634,1.1796,1.812,4.6421,0.012023,-0.29043,-0.46022,3
9,8,0.0094249,-0.01633,0.89839,-0.69265,4.2577,0.069833,-0.38753,-2.1599,2
9,9,0.012174,0.50408,0.19675,-0.58983,4.7979,0.19306,0.06172,-0.44693,3
9,10,6.7906e-05,-0.63807,0.40007,0.56376,6.1298,-0.70538,1.7454,1.1175,1
9,11,0.001906,-0.28937,1.8446,0.53687,6.6891,0.11298,0.01721,-0.94329,2
9,12,0.0045302,-0.11346,1.3964,0.37641,4.9861,-1.168,0.94041,-0.4651,2
9,13,0.10046,1.3684,-0.36752,0.64741,7.2407,0.83814,0.17005,1.3158,3
9,14,0.00079799,-0.43833,0.74504,-0.73698,6.2377,0.68406,1.3647,0.23613,2
9,15,0.0021706,1.2247,0.6915,0.72228,7.4023,0.81248,1.3104,0.56963,3
9,16,3.7772e-05,0.42572,-1.0898,-0.64895,8.1196,0.079551,0.6986,0.4804,3
9,17,0.00022171,-0.22969,-0.77567,-0.26254,4.7909,-0.61079,-0.14881,-0.9462,2
9,18,0.00097002,-0.31869,-0.33928,0.19571,4.7103,0.015413,-1.0618,0.25332,2
9,19,0.0020253,0.16531,0.1446,0.95411,5.3365,-0.10996,-0.87149,0.81013,2
10,1,3.5085e-05,0.30974,0.38821,-0.53462,8.109,1.6558,0.039013,0.74349,2
10,2,4.0573e-06,-2.184,-1.1182,-2.5603,5.6274,-0.43371,-1.0125,-0.064115,1
10,3,0.091359,1.5773,-0.14909,-0.41988,4.8508,0.46108,0.50165,-0.58021,3
10,4,0.00027885,0.92478,-0.92839,-0.24844,6.9568,1.6351,0.03004,0.63807,3
10,5,1.1198e-05,-1.2417,0.5926,-0.7771,7.3945,0.47494,0.31555,0.12135,1
10,6,0.02469,0.18421,0.73614,0.94422,4.686,-0.16977,-1.4454,-1.7605,2
10,7,8.6527e-06,-1.9913,-2.131,-2.0807,4.9407,0.21701,-1.2652,1.645,1
10,8,0.00050624,-2.0116,0.0438,0.86536,3.2324,-2.6868,-1.3367,-0.54848,1
10,9,0.00056687,-0.58737,-0.59354,-1.1085,3.4887,0.020971,-1.7935,-0.77425,1
10,10,0.00063471,-0.90267,1.5238,0.76644,6.1296,0.32881,-0.022563,0.30633,1
10,11,0.089688,0.35749,-0.039144,0.4714,4.3032,-0.1908,-1.524,0.099856,2
10,12,0.020491,0.72005,-1.0639,-0.19807,4.7519,-0.6219,-1.3332,-1.2686,3
10,13,0.00031101,-1.5366,0.20445,-0.3123,4.6634,-1.7014,-0.73401,-0.89143,1
10,14,0.0007643,-0.87566,-0.308,-1.8019,3.9976,-0.73268,-0.41364,-1.6132,1
10,15,2.036e-06,-1.9396,1.299,-0.31783,7.3868,0.39472,0.65171,0.11002,1
11,1,0.015271,0.80333,-0.24958,1.3111,6.9369,-0.5741,-1.074,0.055562,3
11,2,0.00057513,-0.49617,1.8474,0.24076,5.8634,0.37045,0.46938,-1.7927,1
11,3,0.05798,0.3545,-0.49324,0.76261,4.3586,-1.3025,-1.1236,-0.41547,2
11,4,0.057686,2.1209,0.5303,0.7063,8.516,1.4656,0.68817,0.22995,3
11,5,7.9644e-07,-1.8724,-0.43726,-1.5923,6.0429,-0.42595,-0.69535,-0.36737,1
11,6,0.0015773,0.81795,-0.47714,0.99286,5.156,0.35802,-0.61709,0.093232,3
11,7,0.037843,1.2087,0.54313,2.728,5.4538,0.72872,-1.5295,1.1669,3
11,8,0.11583,0.76675,-1.6833,1.0802,4.36,-0.74207,-1.6529,1.1124,3
11,9,0.0020531,1.0884,-0.55098,0.90288,6.1008,-0.24473,0.25771,1.3972,3
11,10,8.3444e-05,-0.23109,0.94938,0.76331,6.546,-0.40689,0.81434,0.98925,2
11,11,4.1979e-05,-0.72633,1.6272,0.34067,6.7466,-0.32545,0.72907,-0.15311,1
11,12,6.9612e-06,0.055923,1.5438,0.17755,9.3238,2.4428,1.2085,0.091131,2
11,13,0.00024973,-2.1551,1.9588,0.48967,4.5632,-0.19649,0.31631,0.66699,1
11,14,0.041693,1.1224,-0.99821,-0.61021,5.2095,0.88709,-0.78309,-0.50764,3
11,15,0.0035765,0.067229,-0.23069,-0.20815,4.8828,0.00028052,0.18465,0.29324,2
11,16,0.00080335,-0.3611,0.72885,0.52789,6.2153,0.69896,1.5125,0.52765,2
11,17,3.6048e-05,0.12971,-0.49028,-0.91391,6.7188,1.1116,-0.275,-0.86561,2
12,1,2.3682e-05,-1.6717,-1.2578,-1.7143,4.3204,-1.4068,0.5167,-0.49359,1
12,2,0.0001262,-0.40419,-0.15131,0.33302,4.8307,-1.7379,1.1284,-0.1713,2
12,3,0.0010642,0.13229,0.45542,-1.0138,5.4741,0.76485,2.0281,-0.35892,2
12,4,0.0048254,1.4826,-2.2122,-0.41726,6.0787,1.3901,0.15274,1.182,3
12,5,1.8674e-05,-1.1641,0.13375,0.037017,6.134,-0.40044,-0.63086,-0.14898,1
12,6,0.1394,1.0056,-1.6121,-0.48605,3.6238,0.6568,-2.4109,-0.24986,3
12,7,0.033227,-0.43884,0.3069,0.74917,2.5563,-0.75315,-0.83226,-0.45832,2
12,8,0.0050636,1.6167,-0.36754,-0.07028,7.1665,2.1919,0.89969,0.32814,3
12,9,0.00062801,0.10408,-0.74179,-0.91417,5.6764,0.16994,0.32583,0.56034,2
12,10,0.0016056,0.74886,-0.95936,-0.63988,5.9958,0.46041,0.63067,0.39606,3
12,11,0.00089854,0.0053261,-0.092584,0.26936,4.5458,-0.33724,0.057537,0.040117,2
12,12,5.0059e-05,-2.0098,-1.0912,-0.23002,4.0415,-2.8502,-0.92615,0.59161,1
12,13,0.00015334,-1.0303,1.0273,-0.08171,4.9358,-1.0364,-0.2541,-2.0536,1
12,14,0.003209,0.16957,-1.2596,-1.1563,4.3708,-0.18641,-0.70899,0.019076,2
12,15,1.2876e-05,-1.606,1.6552,-0.72446,7.3966,-0.29633,1.1213,-0.10978,1
12,16,0.26655,1.6382,-1.4448,0.23967,4.6457,0.4417,-0.91186,0.18151,3
12,17,0.00010777,-2.2102,0.98231,0.37937,4.1059,-2.5789,-2.0105,-0.49509,1
12,18,2.1941e-05,-0.282,-0.44691,0.12789,7.5,-0.085372,1.4819,1.82,2
12,19,5.2666e-06,-0.45679,-0.25528,-0.6827,7.8173,2.2377,1.213,1.4472,1
12,20,1.2608e-05,-1.2884,0.55397,0.73249,6.5171,-1.3114,-1.0784,1.0708,1
13,1,0.0002256,-0.43402,0.86485,-1.3361,6.3043,-0.46437,0.85695,-2.0462,2
13,2,0.11047,0.55535,0.30218,-0.4304,4.0263,1.4164,0.45935,0.27668,3
13,3,0.0012194,-1.6339,-0.61914,-1.5591,2.3217,-1.4568,-2.2008,-2.3632,1
13,4,0.0010011,-0.33888,-0.040371,0.2045,5.1434,0.119,-0.24627,0.37691,2
13,5,0.0079586,1.2927,-0.14076,2.2959,7.0243,-0.4208,0.48482,1.7136,3
13,6,3.3145e-06,-1.894,0.42882,-1.7512,6.5101,-1.4976,0.75354,-0.88614,1
13,7,0.010084,0.96257,-0.98344,-0.37667,4.945,-0.025888,0.49759,-0.27047,3
13,8,8.7091e-05,-0.8843,0.54023,-0.11106,5.4535,0.19024,-0.40641,0.6808,1
13,9,0.14417,1.6839,-2.0764,-1.3739,5.3658,1.6152,-1.7044,-0.75762,3
13,10,0.0093544,0.80103,-1.2339,-1.6453,4.2463,0.75334,-1.1701,-1.0844,3
13,11,8.0084e-05,-0.86326,0.34669,-0.14484,6.2948,-0.029529,0.28772,0.87696,1
13,12,0.0003913,-0.12221,1.1155,0.83877,5.9907,1.0211,-0.08539,0.85407,2
13,13,0.00057105,-0.89324,0.67732,-0.31762,4.339,0.44181,0.28684,0.27928,1
13,14,1.4132e-05,-0.74496,1.2788,-0.34216,8.1098,0.49723,1.4217,1.1325,1
13,15,0.015575,-0.093404,0.46036,0.22876,4.7071,-1.3208,-0.3663,-1.1156,2
13,16,0.00040959,0.12167,0.23243,0.11607,6.6327,0.91097,-0.43225,-0.19213,2
14,1,4.0927e-05,-0.10675,0.28687,-0.21021,7.6553,1.3929,-1.081,0.44508,2
14,2,7.9704e-05,0.14381,-0.64211,-0.43416,6.5982,0.55054,1.3995,1.6418,2
14,3,0.0010736,-0.1114,0.48712,-0.68908,5.3379,-0.10043,0.092827,-1.846,2
14,4,2.2834e-05,-1.3791,-1.1729,-1.1152,6.3658,-0.72428,-0.035848,0.39167,1
14,5,0.0015832,0.12557,-0.52184,-1.0245,4.0156,-0.91577,-1.2473,-1.0081,2
14,6,2.7291e-05,-0.63302,-1.7273,-0.86707,5.6747,-0.76077,-1.6715,-0.51839,1
14,7,0.0084313,0.83761,0.76418,0.16337,6.0965,1.2767,1.0744,0.22517,3
14,8,0.00094106,-0.90268,-0.24234,0.61843,4.0287,-1.1526,-1.9369,0.4783,1
14,9,2.3668e-05,-1.7577,-0.16987,0.69366,5.818,-1.331,-0.7065,0.49346,1
14,10,0.0078176,-0.35461,-0.78028,0.061841,4.2229,-0.41927,-2.1974,0.30523,2
14,11,0.040507,1.2237,-0.014083,3.2315,7.4107,0.55984,-1.08,1.9045,3
14,12,0.0010636,-0.6025,1.5987,-0.045649,4.8067,-0.65377,0.053982,-0.48487,1
14,13,0.039657,0.38855,-1.3247,-1.2445,3.8694,0.12328,-1.1246,-1.0893,3
14,14,2.7332e-05,-2.0065,-0.12615,-1.101,4.3171,-1.2445,0.058399,0.20958,1
14,15,6.398e-05,-0.36208,-0.8135,0.24798,6.7902,-0.77864,-0.58945,0.02255,2
14,16,9.9478e-05,-0.49887,0.70431,-0.63831,6.1602,-0.55532,0.75893,-0.19808,1
14,17,0.10377,1.7313,-0.54341,-0.56805,6.875,0.29602,1.1591,-0.45296,3
14,18,0.016241,-0.53921,-0.41565,0.27539,2.9532,-1.3204,-1.3025,-1.4583,1
14,19,0.00023222,-0.44659,0.026721,-0.84983,5.0688,-0.62728,0.84671,-0.92394,2
14,20,1.6673e-05,-0.23776,-0.84387,-2.0908,6.1635,0.91443,-0.70198,-1.2425,2
14,21,0.00080816,1.0164,-0.83476,0.28243,6.1166,1.3667,0.030564,0.82041,3
14,22,0.029806,-0.27302,1.0787,1.1083,4.5313,-0.40902,-1.2847,-0.42673,2
15,1,6.7512e-06,-2.7245,-0.54211,-1.1495,4.9776,-1.8743,-0.98233,0.56208,1
15,2,0.00024772,-0.36352,0.30627,-1.13,5.0072,-1.0705,1.2019,-0.80433,2
15,3,4.9031e-05,-0.61127,-0.3134,-1.1059,5.7864,0.26079,1.3385,-0.40288,1
15,4,0.21607,1.3365,-2.2148,-0.19967,3.6615,-0.46132,-1.6294,-1.4232,3
15,5,0.00043497,0.34411,-1.4478,-1.4193,4.8918,0.4727,-0.11631,0.2017,2
15,6,0.013454,0.62319,-0.69681,0.62161,5.8357,-1.6923,-0.91497,-0.86099,3
15,7,8.7114e-06,-0.93064,1.2103,0.40327,7.2916,0.44163,-0.40895,-0.18319,1
15,8,0.00022186,-0.046858,-1.1274,-1.0954,5.3546,0.78796,-0.58668,-0.28763,2
15,9,0.026331,2.3079,0.50898,2.6822,10,2.2667,1.7195,3.2726,3
15,10,4.8429e-05,-0.37367,-0.012806,-0.36411,7.4362,0.10773,0.5234,0.2217,2
15,11,0.00037331,-0.54421,0.95304,0.27922,6.0461,-0.0054929,1.086,0.98605,1
15,12,0.00040769,-0.72145,0.21261,0.75768,4.5897,-1.6812,0.8114,0.92008,1
15,13,0.0054832,1.2683,-0.3787,-1.2244,5.7937,2.3366,0.19746,-1.0295,3
15,14,0.00015628,-0.46184,-0.29216,-2.2921,5.5791,-0.28303,-0.72341,-0.78242,1
15,15,0.00048573,-1.3772,2.0251,-0.20328,4.8598,-1.7038,1.0137,-1.5433,1
15,16,3.9307e-05,-1.0316,1.2458,0.06625,6.6194,-0.69708,0.91466,0.22874,1
15,17,0.030194,1.8084,0.91156,0.69799,7.5,1.9003,1.1596,0.46375,3
15,18,6.1545e-05,-0.62376,-1.4711,-0.15447,5.3977,-1.8207,1.2261,1.4387,1
15,19,0.022871,0.66853,1.9414,0.10257,5.483,1.1949,0.886,-0.60573,3
15,20,2.3406e-05,-0.17161,0.41392,-0.20271,7.3209,1.8255,-0.71413,0.68942,2
15,21,0.0044621,-0.38293,-1.3924,-0.90158,3.8495,-0.62477,-0.46013,-0.78896,2
15,22,0.0020094,-0.43504,-1.0025,-0.2464,3.4349,-0.72255,-2.7313,-1.1009,2
16,1,0.026889,0.68272,0.083931,0.91847,5.9009,-0.21959,-0.61509,0.4276,3
16,2,0.0059188,0.75037,1.4078,0.54802,5.6441,0.96991,0.15012,-0.4715,3
16,3,0.00059486,-0.56865,1.2997,-0.66682,5.5562,1.0635,0.98614,-0.45599,1
16,4,7.9531e-05,-0.27973,0.72309,0.70563,6.5587,1.1495,-0.037243,0.88205,2
16,5,0.0012393,-0.44414,0.90461,-0.60189,5.1754,-0.56292,1.0494,-0.25624,2
16,6,0.0087285,0.67099,1.8915,-0.010423,6.61,1.4344,1.9968,-1.0657,3
16,7,0.0050443,0.23566,-0.48241,0.53846,5.1956,1.8417,-1.0128,1.4901,2
16,8,0.0001709,-0.33133,0.097052,-0.31365,5.4606,-0.017579,1.1655,0.75169,2
16,9,0.010263,0.5408,-0.12805,-0.20826,5.0218,-2.3069,0.30173,-1.973,3
16,10,0.0050692,-0.85792,-0.02793,0.75802,3.7559,-1.2766,-0.22041,1.2408,1
16,11,0.001878,-0.16727,-1.1416,-0.74584,4.3109,-0.13682,-0.85382,-0.93058,2
16,12,1.4233e-05,-1.3378,-1.236,-2.5874,6.0594,0.42725,0.68168,-0.076104,1
16,13,0.0025236,-0.24805,-0.18501,-0.72178,4.8883,-0.77867,0.34267,-0.87717,2
16,14,0.10261,1.4233,0.80946,2.5909,7.0955,-0.41331,0.40571,0.08979,3
16,15,0.00052514,-0.73053,-0.71082,0.7981,5.0666,-1.6338,-1.2714,0.54923,1
16,16,8.1908e-05,-1.5035,-0.55225,-1.6569,4.5179,-1.59,-0.49189,-1.3915,1
16,17,0.016813,0.020851,0.76145,0.38047,4.1426,1.2084,0.72157,0.19008,2
16,18,0.00012894,0.091289,1.6398,0.74805,7.5813,0.90992,0.21659,0.74469,2
16,19,0.035296,0.28872,-0.30539,1.615,4.8535,-0.64549,-0.7502,1.5194,2
17,1,0.0051852,-0.063188,1.1279,1.5339,4.8991,0.081523,0.35641,1.0965,2
17,2,0.0078363,0.082801,1.0181,0.7571,5.2385,0.26214,-0.43346,-0.35959,2
17,3,0.018742,1.4884,0.93891,1.4615,6.0337,0.60588,-0.36237,0.066098,3
17,4,0.0032152,0.64362,-0.81053,0.44076,4.9193,-0.49798,-1.9919,-0.25958,3
17,5,0.074015,2.303,-3.0201,0.85995,7.5,1.3545,-0.8793,1.1329,3
17,6,2.8674e-05,-2.5326,0.1666,-1.7823,3.0595,-0.62817,-0.43862,-0.29255,1
17,7,0.001062,1.0948,0.74527,-0.36008,8.1108,0.53954,2.4255,0.46904,3
17,8,0.02979,-0.78242,0.53062,-0.43016,2.6951,-1.7684,0.30102,-1.8983,1
17,9,1.3793e-05,-1.7747,2.1622,-0.42976,6.4968,-0.33027,0.43983,0.26106,1
17,10,0.0023125,-1.1966,-0.27171,0.10615,3.0835,-1.5799,-0.70536,0.26883,1
17,11,6.303e-05,0.88324,0.061893,0.22095,9.3047,1.6088,1.4552,1.6395,3
17,12,0.34226,1.204,-1.4559,-0.73897,2.922,0.60243,-0.93051,-0.28306,3
17,13,7.2008e-05,-0.98073,0.96268,0.11925,5.8664,-0.33259,0.75616,-0.34981,1
17,14,0.018807,1.7992,-0.4614,1.9295,6.5949,0.57893,0.011134,1.4741,3
17,15,5.5239e-05,-0.28336,-0.78494,-0.47741,6.2103,-0.13644,0.082154,0.74085,2
17,16,0.00076972,0.66954,-0.7917,-1.2252,6.3025,0.17172,0.38532,-1.0116,3
17,17,0.00016286,0.77324,-0.96076,0.70042,7.5,0.38221,-0.29097,1.5269,3
17,18,3.1216e-05,-0.25625,-1.0517,-0.073827,6.0878,-0.11498,-0.66362,0.019037,2
17,19,9.1817e-06,-0.11092,-1.2213,0.19262,7.5982,0.60322,-0.56816,1.1573,2
18,1,3.3254e-05,-0.91628,0.46345,-0.567,5.0448,-0.71795,0.40664,-1.7574,1
18,2,0.32117,2.1793,-1.0728,0.29709,5.298,1.0342,-0.13032,-0.46867,3
18,3,1.9876e-05,1.4458,0.22584,-0.72943,7.8027,1.5258,0.84611,-0.075945,3
18,4,3.4055e-05,-0.35248,0.5594,0.32026,6.8408,0.68935,-0.31808,0.69442,2
18,5,9.0673e-06,-0.27148,1.0157,0.55243,7.4258,0.42856,0.40283,0.30168,2
18,6,0.0025594,0.71362,1.3846,1.5611,6.3304,0.69267,1.7792,0.17025,3
18,7,0.0060805,0.99132,-1.4777,0.15646,5.0172,-0.56606,-0.24821,0.69508,3
18,8,0.029098,1.4085,-0.3743,0.97171,4.4946,-0.14085,-1.4091,0.44558,3
18,9,1.7332e-05,-0.059952,0.66125,-0.22745,7.6812,1.5119,1.9425,1.0847,2
18,10,9.6182e-05,-0.38439,-0.78001,-1.8528,5.2719,0.95599,0.67184,-0.44042,2
18,11,0.0012065,1.0873,-2.7638,-2.1988,6.0299,1.3449,-0.33599,-0.92696,3
18,12,0.000459,-0.58225,1.0916,0.25484,4.8764,-0.027931,0.28427,0.34149,1
18,13,0.0029397,0.20697,2.2566,1.2014,5.3572,-0.19806,0.59862,-0.69379,2
18,14,0.00030931,-1.3078,-0.62199,-0.43063,3.4632,-1.6317,-2.2383,-0.90049,1
18,15,0.00019992,0.01898,0.91431,-0.59601,5.3919,0.21906,2.1934,-0.32881,2
18,16,0.22737,2.4057,-1.5536,2.1945,5.5082,0.87017,-2.3055,1.0883,3
18,17,0.00018922,0.71291,-0.0061353,0.87142,6.3201,1.6273,0.020261,1.852,3
18,18,0.0013009,0.44013,0.67426,0.82777,4.2327,1.2414,-1.6136,-0.31627,3
18,19,2.8041e-05,-0.22663,-2.2452,-4.1673,4.9567,0.43655,-0.039981,-2.3658,2
18,20,0.01158,2.5812,-0.71709,1.9366,7.275,0.72734,1.1045,0.39949,3
19,1,5.5474e-05,-0.49891,-1.0483,-1.4175,6.2365,0.299,0.47729,0.39807,1
19,2,0.0040017,-0.73801,0.64152,-0.69865,4.3216,-1.4618,0.41145,-0.55974,1
19,3,0.0049484,0.16844,-1.3334,0.33128,5.1163,0.11952,-1.1285,0.5972,2
19,4,0.0053316,0.61193,-1.8639,-1.2419,5.1179,0.46442,-2.144,-0.28203,3
19,5,0.000454,-1.1302,-0.10755,-1.7518,6.2165,-0.75775,1.4463,-0.98404,1
19,6,0.06881,0.9087,0.98723,0.20882,6.3985,1.103,0.44753,-0.1386,3
19,7,2.3536e-05,-0.60558,0.28789,0.42273,5.9626,-0.49276,-1.0393,0.90294,1
19,8,0.00052552,-0.9568,0.58298,-0.70605,4.6952,-0.32136,-1.4635,-1.1462,1
19,9,0.0001025,-0.7076,-1.2177,-1.396,4.6306,-1.1307,-0.61505,-0.98368,1
19,10,0.0012407,0.013659,-0.071419,-1.4281,5.1562,1.5173,0.51354,-0.32995,2
19,11,0.00090099,0.12582,-0.50076,0.91446,7.2754,0.74904,-0.64812,1.7576,2
19,12,0.0034469,0.28862,1.5982,1.2858,7.2264,0.79519,1.0221,0.33103,2
19,13,1.9815e-05,-0.86399,0.90254,-0.11647,7.1941,0.93335,1.215,0.7977,1
19,14,0.00080022,0.11954,-0.48179,-0.61482,6.7644,-0.32179,-0.64581,0.26031,2
19,15,1.8273e-05,-1.0499,-0.14598,-1.054,7.73,0.86988,1.4903,1.8348,1
19,16,0.0001798,-1.028,0.70504,0.093019,6.1321,0.51827,1.4439,1.4073,1
19,17,0.001414,0.16179,1.4121,0.16685,6.6618,1.2441,1.4875,0.027057,2
19,18,0.0095908,0.61406,0.18324,-0.12647,5.9908,-0.4336,-0.21635,-0.55288,3
19,19,6.5928e-05,-0.13681,-0.50098,-1.3158,8.099,1.037,0.22752,0.38989,2
19,20,0.0154,0.86137,0.56069,0.5071,5.625,0.033519,0.23967,0.069503,3
20,1,0.00078686,-1.6692,-0.61862,-2.6689,3.501,-0.44225,-0.91391,-0.31059,1
20,2,0.00068742,-0.72667,1.862,1.3946,5.5533,0.5701,-0.036247,-0.036514,1
20,3,1.1009e-05,0.3105,0.12434,-0.79934,7.2751,1.8909,1.0033,0.92585,2
20,4,0.0080653,0.7796,-0.77798,-0.35723,4.1109,0.49229,-0.03704,-1.0402,3
20,5,7.9127e-05,-0.95325,-0.42783,-0.42824,5.2532,-0.99618,0.31126,-0.39595,1
20,6,0.0016967,0.081031,-0.39826,0.55431,4.0301,-1.8172,-0.13322,-0.53955,2
20,7,0.029382,1.9045,-0.47825,-0.91598,6.1721,-0.18251,-0.0022646,-2.2937,3
20,8,0.00013828,-0.50206,-0.46009,-1.465,5.1883,0.35767,0.17435,-0.4713,1
20,9,0.0025728,0.83852,0.093719,0.82618,5.9971,0.46607,-0.26831,0.3353,3
20,10,0.00023842,-0.80295,0.62954,1.0846,5.1572,-0.18207,-1.1704,1.1075,1
20,11,3.1148e-05,-1.9437,1.6711,-0.1575,5.9187,-1.4321,1.3346,-0.76863,1
20,12,0.00022644,-1.2547,-0.018074,-0.26645,5.153,-1.8008,0.27807,-1.093,1
20,13,0.00028173,-0.73193,-0.40119,-0.70152,3.8041,0.162,-1.4256,-0.89963,1
20,14,0.00035278,-0.23453,1.1514,0.95299,5.6505,1.2815,0.057231,0.50867,2
20,15,0.0021993,0.74305,0.19572,0.98736,6.4988,-0.003868,1.5325,1.5971,3
20,16,0.16959,2.6734,-0.44285,0.55984,5.4257,0.23842,0.85513,-0.3497,3
20,17,2.763e-06,-0.92021,0.10509,-0.34664,6.6817,0.7534,-1.1759,0.093545,1
20,18,0.0048991,1.0645,0.64746,0.023597,5.5827,0.83623,1.1662,-0.24676,3
20,19,5.1398e-05,-0.6325,1.4826,0.58346,6.1578,0.54897,0.61156,0.33813,1
20,20,0.00067154,1.0328,-0.23948,1.0916,7.0047,0.92147,-0.78182,0.30553,3
20,21,0.29795,1.9478,0.086799,0.48036,5.2111,0.95876,-0.39916,-1.2206,3
21,1,0.0028122,-0.10313,-0.42221,0.42367,4.6067,-0.36596,0.096759,-0.42817,2
21,2,0.00019011,-0.12821,-0.014015,0.12193,5.2307,-1.175,-0.77155,-0.24592,2
21,3,0.0011048,-0.2584,-0.75546,-0.5494,3.9079,-0.83204,-0.95075,0.014666,2
21,4,0.0047651,0.43149,0.27748,-0.29843,5.3736,-0.1974,0.92764,-0.49412,3
21,5,8.0037e-05,-0.77734,1.6425,0.58733,5.9037,0.11666,-0.026767,-0.93855,1
21,6,0.0062346,-0.080276,-1.1306,-2.7429,3.734,1.0776,-0.46436,-1.0068,2
21,7,0.00035133,0.66237,0.41407,-0.62748,6.2784,1.8535,0.4832,-0.52025,3
21,8,0.0003702,-0.39979,-0.31092,-0.40657,6.1842,0.052988,0.72706,0.32296,2
21,9,0.00054025,-0.77798,0.48575,0.12833,5.4254,-0.019618,0.079459,0.069754,1
21,10,0.22703,1.0111,0.32197,0.87068,4.4334,1.062,-1.38,-0.50861,3
21,11,4.2738e-05,-1.8922,-0.047703,0.68185,4.5118,-2.0382,-1.0916,0.61029,1
21,12,0.00014172,0.095583,-0.94246,-0.33635,6.9404,0.23228,1.233,1.8664,2
21,13,0.00018904,-0.32144,1.436,0.096324,6.0173,0.16771,1.624,-0.4681,2
21,14,0.00031176,-0.25746,-0.35145,0.37428,5.4167,-0.27026,-1.4589,0.25498,2
21,15,0.00143,-1.073,0.16593,-1.3563,4.206,-1.3471,-0.5495,-1.6594,1
21,16,0.0012898,0.31754,-0.84951,-1.03,5.7086,-0.075899,0.36032,-0.68275,2
21,17,0.031768,-0.20183,0.22474,0.62561,3.6961,-0.67289,-0.0041887,-0.74167,2
21,18,0.00051337,-0.54594,0.67706,-0.33798,5,0.55701,0.014386,-0.0004184,1
22,1,0.000229,-1.7238,1.5377,1.4481,4.477,-1.6621,-0.8611,0.39392,1
22,2,5.0419e-05,-0.44997,0.12356,-1.0339,5.7437,0.60514,0.43534,0.22131,1
22,3,0.00046247,0.75565,-0.44377,0.74204,6.0302,-1.6556,-0.11029,-0.54293,3
22,4,0.00346,2.0627,0.19472,0.39555,7.9274,1.3418,0.92503,-0.16067,3
22,5,0.021333,0.72514,0.79157,1.9898,5.3966,0.46495,-0.73279,1.1381,3
22,6,0.0025548,0.68676,0.65486,0.71567,5.4421,-0.59099,0.39315,-0.1373,3
22,7,0.0090443,0.81423,-0.12229,0.098587,5.4677,-0.2076,-0.12335,0.51969,3
22,8,0.00019183,-0.05167,-0.94688,-0.01728,4.968,-0.5901,-1.5686,-0.24757,2
22,9,0.0024332,0.11952,-0.72174,0.39011,4.3221,-0.67498,-0.013944,0.43032,2
22,10,0.3058,2.6591,0.2018,0.62727,5.5729,1.3726,1.5266,0.095255,3
22,11,0.017349,1.4961,1.1594,0.44045,5.9646,-0.90182,1.2792,-0.49877,3
22,12,0.00065042,-1.2862,1.6844,1.1691,3.8337,-0.88888,0.1075,-0.54054,1
22,13,2.0044e-05,-1.7357,0.40657,-0.49184,5.1987,-0.37851,-0.10756,0.089175,1
22,14,0.013869,1.4957,-1.2566,2.5795,5.5679,-0.55461,-1.9362,0.94372,3
22,15,0.0025169,2.1116,-1.2189,-0.10304,7.5,2.2461,1.0334,0.84283,3
22,16,0.0056585,1.1128,-0.23456,1.6659,6.4063,-0.34736,-0.32084,0.79672,3
22,17,0.0083322,0.71864,-0.078289,1.6674,4.4501,-0.55195,-0.66384,0.50413,3
22,18,0.0035575,0.14521,-0.97515,0.43673,4.6875,-0.1121,-1.5805,-0.2106,2
23,1,5.8737e-05,-1.0894,-0.40465,-0.99432,5.5528,0.25312,-0.016096,-0.12488,1
23,2,0.0002579,-0.67055,-1.0471,-1.5952,5.1159,1.0629,-0.37122,0.90348,1
23,3,0.00024718,-1.4619,-0.0027824,-1.1312,2.7713,-0.60312,-0.5744,-0.85034,1
23,4,4.35e-06,0.53751,-0.19124,-0.70099,8.0009,-0.50464,2.3857,0.43921,3
23,5,1.2726e-06,-0.065646,-0.43165,-1.3506,9.0364,0.79943,0.70499,-0.24587,2
23,6,0.2624,1.9822,-2.0881,-0.30329,5.2795,0.41976,-1.3434,-1.0276,3
23,7,0.024117,0.67407,-0.1807,0.41848,5.0684,0.98603,0.45046,0.74362,3
23,8,0.002039,1.7415,-1.6926,-0.31793,6.6809,-0.36604,0.21749,-0.91011,3
23,9,0.00014455,-0.11087,0.58186,0.43834,6.4133,0.064046,-0.58131,0.3601,2
23,10,0.00086363,0.36089,-0.44145,-0.85768,5.1422,1.4039,-0.55092,-0.2318,3
23,11,0.029395,-1.4817,1.3629,-0.10827,1.6358,-1.7694,-0.87746,-2.3063,1
23,12,0.077138,1.2467,1.5836,1.3981,4.6962,-0.40774,1.5452,-0.81669,3
23,13,0.006253,0.5659,-1.5342,0.15042,5.1041,0.88244,-1.6668,0.27935,3
23,14,0.0038045,0.90863,-0.21293,1.6959,6.2284,0.0032192,-0.48145,1.3792,3
23,15,0.0052593,0.28205,-1.0452,-0.19975,3.935,-1.6923,-0.10237,-0.40629,2
23,16,0.010952,0.90566,1.1459,0.53499,6.0547,1.113,1.6682,0.41763,3
24,1,0.034035,1.4535,-1.4118,-0.82884,4.9089,-0.35952,-0.77537,0.16982,3
24,2,0.027918,-0.56229,-0.93775,-1.3705,3.2146,-1.2799,-1.7379,-1.4658,1
24,3,0.00034175,0.039653,0.21991,-0.17181,5.8649,-0.3813,-0.066136,-0.81247,2
24,4,0.0015089,-0.63108,0.68003,0.83606,6.0499,0.58616,0.027386,1.1297,1
24,5,2.7461e-06,-0.8307,-0.3232,-0.56387,7.7253,-0.49225,0.45608,0.70861,1
24,6,0.022583,0.13035,0.99511,0.64543,3.9204,-1.3539,0.79991,-0.3956,2
24,7,0.031024,0.33352,-2.5101,-0.72703,2.8067,-1.1767,-1.2987,-0.30326,2
24,8,0.022305,0.25472,0.88583,1.3615,6.0235,-0.60004,0.17473,0.11787,2
24,9,0.0026781,0.32943,0.24105,0.50844,7.1164,0.51555,-0.054386,1.1378,2
24,10,0.0043732,0.99596,0.56475,1.4989,6.3104,1.189,0.26712,0.59693,3
24,11,0.05394,2.0791,0.10846,1.1376,7.7105,2.5693,0.57107,0.80437,3
24,12,2.0005e-06,-1.4692,1.4565,-0.080794,7.5442,-0.38376,1.9915,1.6741,1
24,13,0.010528,1.5555,1.8558,0.68822,8.6117,1.1383,1.8133,-0.24896,3
24,14,0.00062552,-0.31975,-0.93071,0.2608,5.3142,-0.024855,-1.724,0.59619,2
24,15,0.00041731,-0.47975,0.82209,0.02469,5.376,0.52799,-1.2834,0.57587,1
25,1,1.4321e-05,0.17379,-0.20143,-0.75125,7.1337,0.26213,1.093,0.60724,2
25,2,5.6791e-06,-2.0949,0.59238,-1.3081,5.2241,-0.45314,1.2635,0.52735,1
25,3,0.013174,1.4514,-1.394,0.16365,4.7669,0.68376,-0.74431,-0.16053,3
25,4,8.362e-05,-0.41965,-0.66734,-0.042835,6.5117,-1.0005,-0.502,1.02,2
25,5,1.0088e-05,-0.24752,0.06131,-0.066742,6.8487,1.3932,0.014194,-0.50431,2
25,6,1.1624e-06,-1.7784,0.59548,1.3383,5.7849,-0.87959,0.69538,0.84465,1
25,7,0.00028926,-1.2016,0.59678,-0.030282,4.978,-0.27086,-1.2788,0.021845,1
25,8,0.047265,1.5711,0.45859,0.31807,4.535,0.7936,0.31491,-1.482,3
25,9,0.00094862,1.1749,0.52606,0.17352,5.8884,1.1208,-0.23468,-0.24312,3
25,10,3.7975e-06,-1.8796,1.3951,-0.6612,6.63,-0.54473,0.90303,-0.48217,1
25,11,0.00022621,0.27633,0.21063,-1.4039,5.4533,1.1552,1.0952,-1.1876,2
25,12,0.30951,1.6359,2.2621,0.68938,5.4434,2.1219,1.3214,-1.9866,3
25,13,0.24238,1.7334,-2.3579,-1.9642,3.4053,0.86766,-2.0636,-2.3962,3
25,14,0.0010524,0.49992,0.59788,-0.051401,4.7329,0.66075,0.80714,-0.15568,3
25,15,0.0045058,-0.74862,-0.40474,-0.44632,2.8538,-1.3748,-1.8681,-1.2021,1
25,16,0.0014625,0.23238,1.6837,0.92823,5.3803,-1.0464,0.89119,-1.7431,2
25,17,6.075e-05,-0.94177,-0.40171,0.52518,4.0593,-1.0503,-1.2115,0.12385,1
25,18,3.2197e-06,-0.64398,-0.11536,0.74221,8.1551,-1.0872,0.39849,1.3499,1
25,19,0.0024208,0.89384,-0.57382,-0.20777,5,0.55344,0.17992,-0.48392,3
26,1,0.015352,1.5217,-0.019534,-1.3497,5.5058,0.76552,-0.13461,-2.8108,3
26,2,0.0010312,0.20497,0.15929,-0.50263,5.2667,0.85449,-0.21944,0.064199,2
26,3,8.7031e-06,-2.1921,1.2689,-1.3564,4.9661,-0.9982,0.63838,-0.18175,1
26,4,0.0096029,1.1114,-0.81221,-0.83742,5.0113,-0.6993,0.090835,-1.4078,3
26,5,5.6402e-05,-0.20273,0.56774,0.068564,7.0389,0.56058,1.0624,0.90972,2
26,6,0.01224,0.96473,-1.0277,0.23641,4.5318,-0.63855,-1.0092,-1.2672,3
26,7,1.0612e-05,-1.0656,-0.24005,-0.22799,6.7005,-0.11471,-0.35539,0.75026,1
26,8,2.6639e-05,0.024682,0.22498,0.36806,7.1223,0.047748,0.9013,0.91234,2
26,9,0.00038032,-0.29438,2.0542,1.8207,6.8848,0.18088,-0.10644,0.064386,2
26,10,0.00013824,-0.3419,0.84908,0.25534,6.4241,-1.142,1.1565,0.092034,2
26,11,0.0011466,0.6738,-1.2329,0.62933,5.1806,-0.16938,-0.41363,0.43791,3
26,12,0.0062816,-0.46208,1.2381,-0.2765,3.8498,-0.42635,0.25088,-1.2956,1
26,13,0.00022473,-0.50962,0.74008,-1.6091,5.3899,-0.89663,0.49573,-2.1175,1
26,14,0.036026,0.18985,-1.1489,-0.66469,3.396,-0.5671,-1.1538,-1.6066,2
26,15,0.0079991,1.207,-1.1499,0.27312,6.943,0.52154,-0.64772,-0.18677,3
26,16,0.00020258,0.12016,0.080226,0.48863,7.1335,1.7413,0.31631,1.8928,2
26,17,0.00016277,-0.3282,0.64999,0.91667,6.98,-0.67957,0.92898,0.86746,2
26,18,0.24726,1.0511,0.12564,2.6277,4.4349,-0.64821,-2.6811,-0.44855,3
26,19,0.054338,1.7415,0.43301,0.95405,5.9274,1.8716,0.78355,0.88119,3
26,20,0.0010392,0.66031,2.2476,0.87979,7.6508,1.4986,1.5096,0.013463,3
26,21,3.6385e-05,-0.43496,0.34644,-0.25319,7.149,0.34065,-0.12185,1.219,2
26,22,8.7138e-05,-1.1389,0.24351,-0.6299,5.1962,-1.3132,-0.14022,0.12062,1
26,23,0.0075473,-1.1054,1.3958,0.39828,3.8164,-1.9872,-0.0037122,-0.63303,1
27,1,0.0033329,1.016,-0.34312,0.080109,5.8117,-0.12261,0.3191,-0.24311,3
27,2,0.00016381,-1.4568,0.76948,0.13908,4.4673,-0.51971,-1.515,-0.35928,1
27,3,0.23762,0.55977,-0.43292,1.6686,2.6983,-1.7133,-1.5311,0.39899,3
27,4,8.9796e-05,-0.54239,0.9721,0.025478,5.9507,1.0096,-0.042095,0.50365,1
27,5,0.0019035,-1.14,1.7368,0.37144,3.8128,-1.3788,0.28969,-1.097,1
27,6,4.0359e-05,-0.52295,-0.7266,-1.8199,5.2731,0.76569,-0.28379,-1.3265,1
27,7,0.15379,0.21861,0.92943,-0.03627,2.7418,-1.1177,0.21032,-1.5682,2
27,8,0.0026412,0.9555,-0.76262,-0.046879,7.0993,1.6344,-0.54447,-0.28085,3
27,9,9.1974e-05,-0.9319,0.32137,-0.5376,5.9434,-0.49075,-0.1323,-0.85783,1
27,10,0.0028851,0.68949,0.78275,0.61585,7.6024,1.2488,-0.5274,-0.29549,3
27,11,0.022318,2.1111,-2.1771,-1.432,7.2117,0.29,0.56471,-0.9939,3
27,12,7.2293e-05,-0.86304,0.68986,0.58773,6.9708,-0.36153,0.77089,-0.17113,1
27,13,0.00013292,-0.21134,0.020989,0.42397,5.7796,-0.6501,0.20085,0.56372,2
27,14,0.087147,-0.60382,-0.25462,-0.59231,1.8711,-1.3975,-0.99186,-1.3194,1
27,15,0.00064371,0.91232,-0.51832,-0.38547,7.5,0.67559,-1.4687,-0.81966,3
28,1,0.0010719,-1.435,0.82434,0.76788,3.4195,-1.5457,-0.77883,0.026075,1
28,2,4.7382e-05,0.45826,0.50436,-1.0581,6.9235,0.25549,1.2363,-0.56148,3
28,3,1.5419e-05,-0.047869,0.044362,-0.25978,7.12,1.3524,-0.7579,-0.44286,2
28,4,0.3195,1.5206,1.2219,2.5125,5.1803,-0.015997,-1.4105,-1.3075,3
28,5,0.00091235,-0.0058161,0.015563,0.38147,4.3216,-1.1727,-0.080839,-0.29226,2
28,6,0.0010631,0.13258,0.82767,0.91433,6.2305,0.5673,1.1335,0.44082,2
28,7,0.002866,0.87409,-1.2471,1.1748,5.2639,0.27011,-0.9193,1.7598,3
28,8,0.00055243,0.28108,1.0015,0.12546,5.5742,1.9142,1.0598,0.71474,2
28,9,0.11127,1.9672,-1.3669,0.06739,5.9219,1.302,0.4457,-0.78022,3
28,10,0.00017645,-0.28491,-0.67884,0.11306,5.3157,0.35124,-0.43221,1.3495,2
28,11,2.0894e-05,-0.39468,0.15482,-0.29655,6.2491,0.95645,-0.28587,0.25947,2
28,12,0.0013176,-0.11742,-0.28145,2.4397,5.2483,-1.4439,-1.1655,0.7493,2
28,13,0.0087945,0.17051,0.32611,0.46559,4.2562,1.4108,-0.63112,0.010267,2
28,14,0.041287,-0.35066,0.81307,1.9978,2.9546,-1.7147,-0.28539,-0.22782,2
28,15,5.6419e-05,0.83906,-0.99505,-0.70652,6.7455,0.64135,-0.19036,0.14754,3
28,16,0.00034227,0.38137,1.1813,1.8654,6.875,0.7478,1.9419,0.36445,3
28,17,1.0873e-05,-1.2319,1.0235,-0.58246,6.3417,-0.16865,0.32955,-0.42512,1
29,1,4.1848e-05,-0.50837,0.11824,-0.27639,6.6092,0.0096717,-0.74713,0.55623,1
29,2,0.0030614,0.81203,0.27292,0.68044,6.2984,0.68753,0.78852,0.21659,3
29,3,0.0007355,0.29217,-1.3477,-0.21706,5.3951,0.30521,0.15111,0.86581,2
29,4,5.0168e-05,-1.1089,-0.21986,-0.86425,5.3787,0.42226,-0.38798,-0.042425,1
29,5,0.024391,1.3055,-0.96652,0.077182,6.4694,-0.022224,0.59499,0.015504,3
29,6,0.019841,-0.40147,-1.7832,-1.9793,2.2068,-0.62421,-0.83908,-1.6508,2
29,7,0.089913,0.47929,0.26556,0.47809,3.5767,0.41822,-2.2789,-1.1713,3
29,8,0.00020688,-0.84891,0.38772,0.039076,6.4385,-0.48274,0.57604,1.9573,1
29,9,0.0020301,0.71679,0.54234,0.82822,6.3015,-0.40238,1.5056,0.78744,3
29,10,0.00034871,-0.29094,0.31618,0.24673,5.846,-0.041828,0.2983,0.12921,2
29,11,0.10458,1.9619,-0.05919,1.1344,6.875,0.98124,0.56488,1.3245,3
29,12,0.00079504,0.55554,0.50261,0.29336,6.2231,2.1037,1.0254,0.45328,3
29,13,0.00010699,-0.8023,0.63287,-0.7693,6.4579,-1.1965,1.1593,-0.15458,1
29,14,7.9968e-05,-0.73336,0.12591,-0.56477,5.4002,0.92158,-1.6029,0.16053,1
29,15,0.00020868,-0.28511,-0.59791,-0.74173,5.3737,-0.39571,-0.97142,0.45262,2
29,16,0.00030965,-0.72473,0.089872,-0.66489,4.6589,0.63371,0.099321,0.2531,1
29,17,0.00045177,-1.0879,-0.52744,-1.7617,4.681,-0.66174,0.61444,-0.35431,1
29,18,0.00055846,-0.55956,-0.017891,-0.98463,4.2055,0.030772,-0.66046,-0.60275,1
29,19,0.0018386,-0.28527,1.0671,-0.35028,4.0346,-0.60774,0.39326,-0.99384,2
29,20,2.6457e-06,-0.9461,1.3112,-0.38818,6.7976,0.17324,0.81559,-0.61926,1
29,21,4.0947e-05,-0.5822,0.98688,-0.55049,6.6217,0.41753,0.89176,-0.032558,1
29,22,0.00054486,-0.64256,0.041988,-0.69641,4.3082,-0.99588,0.093208,-1.1549,1
29,23,0.0009704,-0.22043,1.2638,-0.2735,5.8328,0.84246,1.4244,0.38987,2
29,24,0.006004,0.78223,1.1357,1.0176,6.8509,-0.23396,1.0343,0.74048,3
29,25,0.00031329,-0.072821,-0.11927,-0.46453,5.9375,0.19766,-0.40874,0.38923,2
30,1,0.00017371,-0.050929,0.21925,0.10082,6.2551,-0.34751,0.18321,-0.38086,2
30,2,0.0019802,0.28614,0.87131,0.356,6.1425,-0.66177,1.0016,-0.19838,2
30,3,0.31675,1.5069,-0.95241,-1.1403,4.052,0.89256,-0.43653,-1.2246,3
30,4,0.00025592,-0.45771,0.48591,2.5425,6.7232,-0.038585,-1.1937,2.0938,1
30,5,2.3687e-05,0.016358,0.30583,0.19352,7.8676,1.6603,1.7464,1.2464,2
30,6,0.00040373,-1.2476,-0.46352,-1.548,4.3375,-1.0516,0.18442,-0.20943,1
30,7,6.6575e-06,-1.1689,0.61377,-0.2961,5.8399,0.18396,-0.63523,0.67629,1
30,8,3.7497e-06,-1.8414,-0.035772,-0.069891,5.9995,-1.261,-0.11684,1.3019,1
30,9,0.0052754,0.95818,-0.79113,0.017134,5.6864,0.0038971,-0.45194,-0.27787,3
30,10,0.007648,0.77558,-1.1089,0.23375,5.7465,1.0695,-1.3644,0.54039,3
30,11,0.0008491,0.15527,-0.70253,-1.5183,5.304,0.40942,-0.77739,-1.743,2
30,12,0.0089457,0.7192,-0.31755,0.08899,5.8004,-0.36485,-0.33206,-1.4282,3
30,13,0.022921,0.96012,0.12424,1.2767,5.9807,0.76447,-0.35427,-0.087139,3
30,14,0.00029919,-0.021127,0.76579,-0.84324,5.7503,1.8836,0.73968,-1.0179,2
30,15,0.027304,0.53306,0.51051,-0.3402,3.8518,-0.32377,-0.18051,-2.367,3
30,16,0.0030809,0.7541,-1.5371,-0.40404,5.4167,0.61607,-0.45063,-0.46835,3
30,17,0.00021052,0.16139,0.37833,-1.0885,6.2039,0.748,0.2807,-1.6477,2
31,1,0.00057557,0.42744,-0.4628,0.48298,6.5322,1.0115,0.32299,1.178,3
31,2,0.11753,0.26381,-1.1038,-0.18574,1.636,-0.92397,-1.6954,-1.8969,2
31,3,0.11451,1.8068,-0.48788,0.6214,6.5507,1.6166,-0.28959,0.70932,3
31,4,0.010321,0.053407,0.45652,0.33564,4.3464,-1.2452,-0.63796,-1.2418,2
31,5,0.0013325,0.29662,0.28737,-0.7141,5.7732,0.32459,1.0201,-1.3726,2
31,6,0.036826,1.4766,-0.87682,1.26,4.398,0.26506,-0.60011,-0.0093775,3
31,7,0.0095021,-0.8319,1.0737,0.4412,3.292,-1.4554,0.22725,-0.93987,1
31,8,0.00085067,-0.0066714,0.65159,2.6002,6.4694,-1.3583,0.34525,1.4904,2
31,9,0.000219,-0.44356,0.996,1.0471,6.5038,1.0284,0.32253,0.32993,2
31,10,0.00066391,-0.25079,0.043735,-0.054276,5.4802,0.21466,-0.40485,0.24611,2
31,11,0.0016575,-0.61029,-0.053156,0.66723,4.856,0.17219,-1.1912,1.8987,1
31,12,0.012858,1.1997,-1.2724,-1.8815,5.0636,1.82,0.95736,-1.2249,3
31,13,5.4567e-06,-0.74892,0.44174,-0.37084,8.5081,1.2394,0.2869,0.62102,1
31,14,0.0012045,0.5302,-0.73356,1.1283,6.0918,1.5164,-1.2995,2.4194,3
31,15,0.00034559,-0.10311,-0.040915,0.9107,5.269,-0.75179,0.37553,1.0608,2
31,16,0.0063733,-0.81259,0.56426,0.8949,2.8378,-1.5263,-1.5467,0.12616,1
31,17,0.00014791,0.26536,-0.84658,0.055282,6.1799,0.59395,-1.6407,0.20993,2
31,18,0.0020506,1.063,-0.67919,0.60202,7.1111,0.80375,0.090219,1.2162,3
31,19,6.7853e-06,-1.6675,-0.093191,-0.62775,4.9087,0.11368,-0.70601,1.606,1
31,20,1.4576e-05,-0.56647,-1.451,-0.065786,5.5244,-1.0155,-0.45566,0.29939,1
31,21,0.011981,1.6941,0.214,0.26506,6.6647,0.64226,2.1417,-1.0782,3
31,22,0.053628,0.81277,-0.34091,1.3075,4.2438,1.349,-1.1127,1.9042,3
31,23,0.0057039,-0.62639,0.30684,-0.92139,3.6661,-1.0579,0.321,-0.83341,1
32,1,0.22209,-0.21036,0.83117,-0.2042,2.4509,-0.40627,-0.28856,-1.2354,2
32,2,0.092952,2.2757,0.48144,2.1044,8.5142,1.0647,0.44226,0.77292,3
32,3,8.293e-05,-0.48436,-0.38279,0.6135,5.9697,0.64822,-0.36722,1.4853,1
32,4,0.00054596,-0.40319,-0.0685,-0.34384,6.7237,0.35018,0.5953,0.22237,2
32,5,0.00056159,-0.91426,0.086055,-0.43043,4.0472,1.1942,-0.79078,0.53966,1
32,6,0.0037022,0.58524,0.38196,0.7738,5.6568,-0.59706,0.88369,-0.40377,3
32,7,0.013013,0.46784,-1.8222,0.55091,3.7146,-1.6378,-2.8418,-0.13451,3
32,8,0.010445,1.386,-0.4434,0.17029,6.2071,1.1949,-0.23075,0.30426,3
32,9,0.00021737,1.0438,-0.51724,-0.11587,8.2766,0.17611,0.51207,-0.24677,3
32,10,0.0018711,-0.63459,1.5144,1.3564,5.1423,-2.0103,-0.27009,0.10218,1
32,11,0.00020761,-1.1384,-0.49837,-0.33202,3.4287,-0.94357,-1.1464,-0.6009,1
32,12,0.0020789,-0.86335,-1.2663,-1.1247,3.1175,-0.086015,-2.395,-1.3721,1
32,13,0.0024475,0.64082,-1.2304,-0.9211,5.4929,0.65514,-0.15291,-0.71946,3
32,14,0.00021974,-0.55115,0.32878,-0.59464,4.7245,-1.1078,0.34165,-0.85478,1
32,15,0.021649,0.61167,-0.77899,-1.8923,3.6679,0.25814,0.025707,-1.6798,3
32,16,5.2015e-07,-2.5023,0.70006,-0.85679,5.7271,-0.82265,0.39602,0.87286,1
32,17,0.037327,1.4273,-0.82381,-0.52947,5,0.18764,-0.41761,-2.4064,3
32,18,0.00046561,-0.56087,-1.2565,-1.2536,5.6688,-1.1074,-0.74675,0.062013,1
32,19,0.0036981,0.53984,0.055833,0.63748,5.2442,-0.41653,-0.98431,-0.62415,3
33,1,0.0099602,-0.22655,-0.68595,-0.49288,4.1579,-1.4298,0.0072631,-0.7018,2
33,2,8.7456e-05,-0.64806,0.60119,-0.036873,5.8156,-0.47615,0.03553,-0.77866,1
33,3,0.00015688,0.70561,-2.7248,-0.2523,6.3433,1.9505,-1.6677,2.268,3
33,4,0.30107,2.811,-1.4466,0.42055,6.1705,1.0303,-1.6552,-1.2933,3
33,5,0.0051376,-0.77859,-1.1461,-0.93823,2.9086,-1.3145,-1.7027,-0.80879,1
33,6,0.0004753,0.21261,0.52919,1.945,6.1139,0.45957,0.27275,2.2871,2
33,7,0.0013319,-1.0486,-0.57625,-1.2282,3.1645,0.75221,0.60923,-0.30135,1
33,8,0.0088612,-0.32953,0.92039,1.469,5.2498,-0.92457,-0.35341,1.3025,2
33,9,3.234e-05,-1.8177,-0.447,-0.52409,4.8966,-0.90912,-0.76567,0.50596,1
33,10,0.0015704,-0.2139,-0.23843,-1.1099,4.5712,1.0597,-0.44547,-0.33277,2
33,11,0.00012525,-0.2609,-0.1778,-0.99492,6.7621,0.97884,0.072545,-0.33186,2
33,12,0.00047348,1.4552,-0.39023,1.8516,8.5774,0.95305,0.91274,1.5792,3
33,13,0.0014053,1.2028,0.28261,0.24052,7.6557,1.6,1.5319,-0.027729,3
33,14,1.0428e-05,-0.81529,0.16085,-1.0391,6.0444,-0.25942,0.30632,-1.0618,1
33,15,1.0622e-05,-0.97444,-0.011373,-1.3348,7.0235,-0.4701,0.099131,-0.58056,1
33,16,1.778e-05,-0.66185,0.89933,-0.61374,8.75,2.3496,2.3038,1.6546,1
34,1,2.3185e-05,-1.2221,0.12977,-2.2829,6.5425,0.052731,1.1539,-0.27726,1
34,2,0.0011466,-0.44888,0.6525,1.0775,5.9327,-0.16184,-0.6162,0.40054,2
34,3,0.0092358,0.49823,0.35563,-1.481,5.1183,-0.2703,0.48894,-1.5549,3
34,4,4.275e-05,-1.2011,1.3494,-0.81765,7.3189,1.983,1.0918,-0.086402,1
34,5,0.0032873,0.53313,-2.7824,-0.86735,4.9736,-0.16616,-2.3648,-0.54643,3
34,6,0.0016807,-0.25043,-2.9863,-1.7706,3.8759,-0.44696,-2.525,-0.34575,2
34,7,0.00024634,-1.274,0.33763,0.19898,4.8372,-1.0523,-0.4228,-0.72371,1
34,8,0.0020242,0.86514,0.86452,-0.24016,7.108,1.7519,1.281,0.78425,3
34,9,5.5532e-05,-0.76174,-0.02174,0.0073962,6.7855,0.086394,-0.46489,0.90728,1
34,10,0.018759,0.80815,0.69418,1.0972,6.8776,1.1199,-0.32622,0.4291,3
34,11,0.0062664,0.43016,-1.2471,-0.48053,4.1305,-0.95355,-1.1846,-0.65563,3
34,12,0.00080675,-0.19333,-0.10103,-0.29622,5.9206,0.41052,-1.0278,0.42504,2
34,13,0.13179,1.1825,-1.9792,0.032193,3.8338,-0.52764,-0.81612,1.1942,3
34,14,0.0036662,-0.70223,1.6127,1.0459,5.8326,-1.1872,-1.6975,-1.1725,1
34,15,1.872e-06,-0.9109,0.014801,-0.38271,7.4568,0.84413,0.74366,1.6662,1
34,16,0.00017074,0.039649,0.21734,-0.80653,8.5778,0.75581,1.634,0.31729,2
34,17,0.051561,-0.73603,-0.41763,-0.045235,2.435,-0.63409,-1.6931,0.31998,1
34,18,2.3877e-05,-1.6453,0.12483,-0.73428,5.2885,-0.54387,-0.063775,-0.29291,1
34,19,0.061695,1.3687,-1.7653,-1.0532,5,0.42624,-1.1029,-1.162,3
34,20,0.0012883,-0.79171,0.09528,-0.48161,4.517,0.13098,0.42387,-0.1015,1
34,21,3.7604e-05,-0.91992,0.48697,-0.27303,6.875,-0.66599,-0.23569,-0.19106,1
35,1,0.07278,0.66334,1.2022,-0.078582,4.623,-0.26706,0.88229,-2.496,3
35,2,0.00036961,0.5305,1.0312,1.3252,9.0824,0.76396,0.85831,0.52655,3
35,3,6.6015e-05,-0.88372,0.84797,1.2255,5.2251,-1.098,-0.28335,0.44252,1
35,4,0.0025225,0.47849,-1.397,-0.061127,5.3056,0.44126,-1.7745,-0.50444,3
35,5,0.043,1.4196,-0.048431,-0.91855,4.83,1.5813,0.32729,-0.47652,3
35,6,8.9741e-06,-2.1062,1.7229,-0.86293,5.8544,-0.28798,0.65973,-1.2441,1
35,7,2.6801e-05,-0.37024,-0.67583,0.59321,6.1005,-1.1701,-0.66283,0.25458,2
35,8,0.18064,0.63707,0.13361,0.83982,3.5191,0.051963,0.3422,-0.38377,3
35,9,0.00020822,-0.17102,-0.13807,-0.7879,5.7881,-0.73299,1.2834,-0.10004,2
35,10,0.0058078,0.9021,-1.4399,-0.75566,5.7009,0.87607,0.41349,0.52924,3
35,11,0.061426,0.61752,0.095871,2.0251,4.3376,0.63854,-1.429,1.3367,3
35,12,0.0021035,-0.8701,0.30224,0.56653,3.5916,-1.8557,-1.2583,-0.42627,1
35,13,0.0020822,-0.11196,-0.88881,-0.47465,4.946,-1.5345,-0.31799,-0.0034373,2
35,14,8.6063e-05,-0.23403,0.80904,0.71845,7.1661,1.1203,-0.7651,1.0484,2
35,15,5.8517e-05,-1.7279,-1.7906,-2.169,3.1701,0.13268,-1.5302,0.39012,1
35,16,0.00042771,-0.41289,-0.041287,-0.031344,4.7656,0.25289,-0.49008,0.19212,2
35,17,5.0102e-05,0.086046,-1.5048,-1.6123,6.8393,-1.5279,1.0815,0.16402,2
35,18,0.00092754,-0.34347,1.17,-0.88366,4.8719,1.0932,0.22103,-0.88568,2
35,19,0.0012964,-0.66215,0.85458,-0.31778,5.0452,-0.48012,0.94544,-0.73908,1
35,20,0.00016811,-0.090836,2.0292,1.1984,9.4271,-1.073,2.3368,0.82903,2
35,21,0.00063621,-0.10934,-0.37264,-0.10903,5.8116,-1.2183,0.19991,-0.058482,2
35,22,0.0044523,-0.5342,0.32128,-0.65037,3.3964,-0.6335,-0.63315,-1.0677,1
35,23,0.00029282,-0.84621,-0.5625,-1.9428,3.3916,-0.33369,-1.418,-2.3979,1
35,24,8.2004e-06,-1.4207,1.5089,-0.50504,6.136,0.27208,2.7438,0.72729,1
36,1,0.00022222,-1.5732,2.8697,-0.4292,6.3811,0.019456,2.1604,-0.70561,1
36,2,0.00013493,-0.95096,0.27325,-0.37914,5.8198,-1.0807,0.54077,-0.65695,1
36,3,0.0026981,0.45132,1.1103,-0.18487,6.0536,2.1009,1.0727,0.041159,3
36,4,0.0039748,0.39205,0.33324,0.83519,5.8674,0.083383,1.3483,0.57374,3
36,5,8.0631e-05,0.6368,-2.9915,-1.6878,6.625,0.57206,-0.20774,0.11661,3
36,6,0.079867,1.3944,0.90497,2.1906,7.1965,1.1902,-0.18254,0.53803,3
36,7,8.4961e-05,-1.2669,0.5909,0.082083,5.8944,-0.17535,0.02255,-0.31442,1
36,8,3.1511e-05,-0.47886,0.91342,-0.72292,6.6176,0.52417,0.21579,-0.54698,1
36,9,0.00022352,-0.98104,0.20745,-2.3664,4.2701,-0.073676,-0.060987,-2.0841,1
36,10,0.005451,-0.51091,-0.68323,-0.74665,4.3199,-2.0137,0.90655,-0.13267,1
36,11,0.00095526,-0.19817,0.028415,-0.29619,5.4522,0.91666,0.69433,0.31157,2
36,12,0.0044959,1.1672,1.8199,0.57035,7.9167,2.6524,0.018178,-0.74002,3
36,13,0.082112,1.3772,-2.6705,-1.6936,4.284,1.9616,-1.7737,-1.2684,3
36,14,0.0063429,0.51797,-0.0012525,1.0765,5.1531,-1.2252,0.77109,0.57884,3
36,15,0.0090884,0.57686,-1.4111,0.11061,4.2124,-0.70474,-1.2968,-0.95129,3
36,16,0.013424,-0.40163,-1.4215,-1.572,2.3841,-0.92133,-0.64175,-1.6327,2
37,1,7.6538e-07,-2.6591,2.5678,-1.1592,6.3275,-0.15464,2.1454,-0.46694,1
37,2,2.7945e-05,-1.6648,1.5524,0.2609,5.3395,-1.4204,0.54133,-0.93769,1
37,3,0.001455,0.49534,-1.9859,-0.28968,4.1908,-0.69467,0.72102,1.1218,3
37,4,0.0022472,-0.55369,1.9848,1.4935,5.6649,-0.070295,0.18057,1.415,1
37,5,0.00013725,0.76358,-1.0831,-0.95727,6.7876,1.7952,0.84947,0.005238,3
37,6,4.1655e-05,-1.152,0.35857,-0.73434,5.0329,-0.84099,-0.58981,-0.67071,1
37,7,0.31432,2.3365,-0.83585,1.9533,5.3272,0.20886,-2.209,-0.67797,3
37,8,0.00078956,-0.85102,-0.426,-0.34808,3.3028,-0.92388,-0.88973,-0.19202,1
37,9,0.00030447,-1.1627,0.45728,-0.33711,4.6813,-0.26236,-0.91443,0.63462,1
37,10,5.7413e-06,-0.19889,0.34226,-1.8312,7.3612,0.88929,0.61728,0.22843,2
37,11,0.009758,0.75121,-0.53662,-0.5823,4.0126,-0.62541,-0.18221,-0.96332,3
37,12,2.549e-05,-0.6221,1.1023,-0.19046,7.406,-0.40812,2.5053,1.0082,1
37,13,0.0090366,0.75706,-0.53204,1.3033,4.537,0.12995,-0.98979,0.19909,3
37,14,0.00074624,0.19793,0.23477,-0.32642,4.5691,0.58946,0.16491,-1.6498,2
37,15,5.662e-05,-2.5618,1.5252,-2.544,4.0495,-0.22839,0.4752,-1.9346,1
37,16,0.0016754,-0.018814,-0.57593,-0.28465,4.6641,-0.34072,0.025703,-0.0084371,2
37,17,0.0035672,0.33616,1.1235,-0.33377,5.8775,0.83308,0.98491,-1.2863,2
37,18,0.21053,1.4036,-2.5104,2.1815,3.9383,-1.1213,-1.4307,2.5287,3
37,19,0.00010845,-1.6123,0.94362,0.9363,5.2458,-1.1167,-0.59763,0.6419,1
37,20,0.00096532,-1.6836,-1.0576,-1.2147,3.0867,-0.73508,-0.73327,-0.2012,1
37,21,0.00022577,0.48325,-0.13179,0.57051,6.048,0.74504,0.71773,0.3814,3
38,1,4.4994e-06,-1.0054,1.1595,-0.14749,8.0793,1.6569,1.897,1.5023,1
38,2,0.002831,-0.52592,-1.0413,-0.98898,4.424,-1.256,1.1773,0.21162,1
38,3,0.017211,0.96373,0.42448,0.65793,7.1667,1.2006,1.281,0.78661,3
38,4,2.1495e-05,-1.4304,-1.6585,-1.0456,4.9851,-1.1711,-1.186,-0.078253,1
38,5,0.0092443,0.76473,-0.52976,0.4237,5.3174,0.31728,-1.6568,0.94188,3
38,6,0.0009279,0.17,-1.1429,-0.50317,6.3252,0.20203,-0.47618,0.067296,2
38,7,0.054773,1.0785,-0.079274,0.22477,6.2856,0.92123,0.20562,0.06718,3
38,8,0.010672,0.88484,-1.5039,-1.0621,5.3886,-1.1541,0.354,-1.2136,3
38,9,0.0006699,-0.47162,0.0090573,0.77849,5.9224,-0.72576,-1.2397,0.20493,1
38,10,0.00019646,-0.77524,1.249,-0.51995,6.0537,0.92487,0.87597,-1.2641,1
38,11,4.9865e-05,-0.87173,1.104,-0.2652,6.3318,0.69521,0.80327,1.312,1
38,12,0.0017592,-1.0374,0.39877,2.2146,5.5603,-1.1085,-0.84839,2.0474,1
38,13,0.033626,0.20345,0.80701,1.4977,5.7292,-0.93398,0.55703,0.35445,2
38,14,0.0034936,-0.6305,0.89219,-0.23615,4.1078,-0.7331,0.69284,-0.54401,1
38,15,0.00030539,0.33586,0.016058,0.84738,7.6113,1.3592,1.3226,1.7598,2
38,16,1.9869e-05,-1.7387,1.7607,-0.53128,5.7864,-0.40023,0.75472,0.40017,1
39,1,0.00025675,1.0637,0.64118,1.3164,8.0221,1.1339,-0.23259,-0.37153,3
39,2,0.00019396,-1.1264,-0.11017,-1.5111,4.3784,-0.57685,0.63546,-1.0403,1
39,3,2.3665e-06,-1.2632,-0.18142,-0.59059,5.2236,-0.49952,0.51438,-0.1029,1
39,4,4.8765e-05,-0.22366,0.52932,0.43644,5.3335,-0.97882,-0.31508,-0.33861,2
39,5,1.3145e-05,-1.5847,0.63364,2.1337,7.3041,-1.5704,0.51779,1.5761,1
39,6,0.0020007,1.0768,0.73299,0.94904,6.0083,0.50357,1.3668,1.0618,3
39,7,0.00049589,-2.1839,3.6904,1.3344,5.6104,0.3438,0.14394,0.23287,1
39,8,0.015985,-0.22642,0.2619,0.60501,3.3069,-1.0441,-1.9146,-1.7756,2
39,9,0.0004027,-0.49704,0.4084,-1.7004,3.2204,0.46386,-1.1745,-1.9485,1
39,10,0.3009,0.4043,-0.36677,-1.4072,1.3362,-0.74285,-0.93695,-3.2512,3
39,11,1.3073e-05,0.23617,-2.0052,-0.40932,5.6527,-0.73482,-0.86919,0.73011,2
39,12,0.038999,0.08712,0.4426,1.7194,3.7072,-0.43524,-0.33128,0.75617,2
39,13,0.0003705,-1.4827,-0.44974,-0.33549,2.6923,-1.9122,-1.2619,-0.48544,1
39,14,0.41518,2.2009,-0.096762,0.28214,5.1304,0.65668,-0.30557,-1.3771,3
39,15,9.2254e-05,0.20162,0.2666,-0.16525,5.8976,-0.37578,1.1399,0.30744,2
39,16,0.0001138,0.66481,-1.2737,-1.0197,5.8414,-0.47372,0.74937,0.093142,3
39,17,0.0057422,1.8959,-0.71721,0.84943,6.5619,1.5374,1.0451,0.81366,3
39,18,1.4079e-05,-0.67055,0.75785,0.48209,6.5386,-1.5658,0.50954,1.0826,1
39,19,1.6478e-06,0.12721,0.83162,0.9103,9.3894,-0.69831,1.427,1.4004,2
39,20,1.6166e-05,-1.778,0.80181,-0.57463,5.0407,-0.93769,0.95995,0.79677,1
39,21,0.00075592,0.021242,-0.94144,-1.0061,4.0468,-0.2096,-0.025545,-1.3239,2
40,1,0.023935,1.3707,-0.1661,0.064636,6.382,0.92656,0.72099,-0.044282,3
40,2,0.0028234,0.2811,-0.95414,0.059346,5.5139,-0.29753,-0.89081,-0.40209,2
40,3,0.00062105,-0.38414,-0.6487,0.079259,5.5854,-0.34368,-0.62336,0.3896,2
40,4,0.021573,0.37076,-0.2045,0.88066,4.9519,-1.5796,-0.39074,-0.13444,3
40,5,0.0074086,-0.83826,-1.6764,-0.8602,2.1069,-2.5254,-2.3542,-1.3768,1
40,6,0.024267,0.78471,0.4135,0.83898,4.9595,0.83928,0.64317,-0.08349,3
40,7,0.14279,0.6373,2.1223,0.40859,4.664,0.092824,1.3041,-1.2449,3
40,8,0.004346,-0.14051,0.39358,1.0778,4.7831,-0.75368,-0.67176,0.85874,2
40,9,0.00036299,0.82717,-0.17571,0.23081,8.7752,2.2561,-0.62547,1.2139,3
40,10,1.7342e-06,-1.3384,1.2502,-0.094373,6.597,-1.6511,0.80386,0.14822,1
40,11,0.0037626,0.65194,-1.3279,-0.51682,5.0371,0.69829,-0.93529,-0.21281,3
40,12,0.0012654,1.1194,-0.71348,-0.80809,6.0444,1.1113,0.092067,-0.082406,3
40,13,0.0011352,-1.0412,-0.7218,-2.1751,2.8231,-1.4208,-1.0688,-1.8422,1
40,14,0.016569,1.2516,0.071056,0.61296,6.2067,0.23313,1.0373,0.39174,3
40,15,0.00014234,-1.4914,-2.2751,-1.0696,3.2638,-1.5585,-1.9262,0.50322,1
40,16,0.0013751,1.06,0.89165,-0.98427,7.4745,2.3572,1.4566,-0.47483,3
40,17,0.0021093,-0.098353,-0.63038,1.9548,5.5696,-1.7569,-2.0138,1.3147,2
40,18,0.0007279,-0.4162,-0.79105,-1.7872,4.8895,-1.4954,0.48111,-1.3103,2
40,19,3.2712e-05,-0.5185,0.69195,1.3015,6.9437,-0.30089,-0.42962,1.5288,1
40,20,0.0012929,-0.81399,1.7388,-0.14179,5.6542,0.44817,0.25717,-0.21097,1
40,21,0.016687,1.1673,-0.59458,-0.082289,5.8953,-0.14573,0.69651,-0.49441,3
40,22,0.00083022,0.33963,-1.6013,-0.40232,4.7669,-0.12878,-0.66703,1.0039,2
40,23,0.00033476,-0.9405,-0.054407,-0.77377,5.2461,-0.29082,-0.38833,-0.29387,1
40,24,1.9926e-05,-1.6457,1.5922,0.022512,6.0164,-1.4083,1.4796,-0.33441,1
41,1,0.0046724,1.1909,-0.62587,-1.1143,6.1778,0.38179,1.2173,-1.1977,3
41,2,0.0015489,0.7071,-1.2575,-2.1824,4.7723,0.64245,-0.92441,-1.0355,3
41,3,0.0008902,0.11376,1.7653,-0.50186,7.6329,1.027,1.3303,-0.23518,2
41,4,0.00031618,0.14366,-0.12421,-1.2103,7.3068,-0.096398,1.3845,-0.46622,2
41,5,0.0011947,0.20163,-0.79796,-0.69608,6.8461,0.44496,0.53184,-0.23862,2
41,6,1.4893e-05,-0.35102,-0.76866,-0.64643,7.0265,-0.21268,0.50023,0.8239,2
41,7,0.00021794,0.25163,-0.29379,0.11382,4.9669,-0.60116,-0.005959,-0.59402,2
41,8,0.00045659,0.38986,0.26626,1.0992,7.1108,1.2453,-0.044994,1.4807,3
41,9,0.0096259,0.16208,-0.93408,-1.0941,4.002,-1.0803,-0.74401,-1.4539,2
41,10,0.012835,1.0382,0.14799,0.066838,6.7303,1.1634,-0.34501,-0.32566,3
41,11,0.006464,0.080579,-0.31729,0.062596,4.1493,-1.1884,-1.2608,-0.6916,2
41,12,0.013419,-0.38361,-1.3196,-0.26855,3.3869,-1.444,-2.1167,0.019393,2
41,13,0.025794,0.55396,-0.17301,1.5072,6.122,0.61023,-0.063682,1.5089,3
41,14,0.0029991,0.338,0.0076745,1.1319,6.5476,0.70915,0.89803,1.7765,2
41,15,0.00013477,-0.2179,1.0733,-1.4463,6.396,1.454,0.90709,-1.1026,2
41,16,0.039019,1.2531,1.012,0.56241,6.2949,0.33672,0.48701,-0.92441,3
41,17,0.00034973,0.31241,-0.55811,-1.7143,7.4289,0.82753,1.1842,0.52646,2
41,18,0.069609,0.61612,-0.70226,1.1526,4.9351,-0.39346,-1.2408,-0.078785,3
41,19,0.0007695,-1.6035,1.2286,0.86874,4.8288,-1.5547,0.14398,0.61549,1
41,20,0.00021333,-1.7059,0.68501,0.14215,4.9116,-1.3214,-0.20944,-0.25328,1
41,21,0.0001206,0.012965,0.96818,0.3332,8.1342,1.63,-0.25502,-0.28121,2
41,22,0.00065446,0.098825,0.77746,0.76914,6.7389,0.13283,0.48348,0.65967,2
41,23,0.043044,0.016029,0.5014,-0.21593,2.82,-1.7176,-0.9632,-1.4655,2
41,24,0.012412,0.52462,-0.38935,-1.9827,5.2554,1.5005,-0.88154,-0.80115,3
41,25,0.0012197,0.045383,-0.55411,1.4933,5.3383,-0.8107,-0.52543,0.51961,2
42,1,0.00041172,-1.4431,0.11897,1.4058,4.2894,-2.7049,-0.54556,0.23456,1
42,2,0.005908,0.75425,-1.4263,0.1724,4.7543,-0.93719,-0.8132,-0.085608,3
42,3,3.6391e-05,-1.3214,0.91192,0.41763,5.2387,-1.3805,0.27234,0.075147,1
42,4,0.0062079,0.32746,-1.4962,-1.0906,4.2431,-0.18806,-1.7565,-1.5031,2
42,5,7.107e-06,-2.1805,1.2596,-0.81585,5.5934,-0.12493,0.16477,-0.41487,1
42,6,0.00018467,0.042332,0.51347,-0.23751,6.5095,0.64763,0.047275,0.2768,2
42,7,0.014439,1.0288,0.65656,0.71464,6.4643,-0.015775,0.22234,-0.51094,3
42,8,0.020418,1.2095,0.070567,2.0105,7.0431,0.66713,0.14459,1.0483,3
42,9,0.00043515,-0.42949,-0.73826,-1.0163,5.3889,0.69442,-1.475,-0.48578,2
42,10,0.02678,1.6585,-2.0331,-0.13081,5.3991,-0.25097,-1.0915,0.70061,3
42,11,0.052004,1.3668,-0.9313,0.2177,5.4973,1.6343,-1.0758,0.10126,3
42,12,0.00017704,-1.21,-0.5216,-1.7605,4.0777,-1.027,-0.53125,-1.2209,1
42,13,9.2928e-05,-0.21792,-0.96353,-1.0563,5.3812,0.76643,-0.26404,-0.36237,2
42,14,0.014462,1.0749,1.9391,1.0573,8.4552,0.34365,1.949,0.62749,3
42,15,0.00027867,-1.2235,-0.26755,-1.0446,4.4595,-1.2369,0.33594,-0.91157,1
42,16,0.065932,0.98572,-0.39981,1.4113,4.4871,-0.67311,-1.1824,-0.9203,3
42,17,0.00066099,0.63844,0.98683,-0.11977,6.6148,0.22453,1.8892,0.26422,3
42,18,0.00039912,-1.0169,1.3317,-0.44782,4.3841,-0.30845,0.23597,-0.39798,1
42,19,0.0056208,0.10809,0.30314,1.3855,5.4078,-0.78236,0.48049,-0.77661,2
43,1,2.4546e-07,-2.1893,0.88794,0.37738,6.6127,-0.92654,1.6993,2.4903,1
43,2,0.0050729,-0.21413,1.2382,1.3212,4.8475,-1.2541,0.096145,-0.14947,2
43,3,0.00060582,0.31016,0.12616,1.5815,6.4373,-0.2328,-0.91702,1.727,2
43,4,0.0006137,0.34564,1.1503,0.89252,5.6161,-0.58539,1.7112,0.85186,2
43,5,4.3209e-05,-0.83016,0.38798,-0.25342,5.3195,-0.099876,0.49887,0.29471,1
43,6,0.0010326,-0.60256,0.83881,0.53931,4.285,-1.5561,-0.053266,-0.34934,1
43,7,9.9219e-06,-1.2864,0.11715,0.52686,5.2792,0.30617,-0.056624,0.56954,1
43,8,0.41966,2.1939,0.29704,0.37758,5.6164,1.4938,0.81957,-0.20139,3
43,9,1.2784e-06,-1.5839,0.37982,-1.5736,6.5611,-0.91875,0.9965,-0.28991,1
43,10,8.4749e-05,-0.13308,-0.44924,0.40325,6.4959,-0.26919,0.38087,0.87847,2
43,11,0.00087383,1.1668,0.11627,2.2024,6.0336,0.041673,0.50676,1.6279,3
43,12,1.3408e-05,-0.55163,0.15102,-0.35787,6.2185,0.011122,-1.2631,0.059361,1
43,13,0.0012216,-0.3165,0.12538,-0.016705,4.868,-0.21865,-0.59421,-0.2971,2
43,14,0.00051608,-1.8353,-0.72167,-0.26688,4.0068,-1.9839,-1.3606,0.64268,1
43,15,0.00069428,-0.010002,1.1895,-0.5472,4.8739,-0.2513,0.25414,-1.2657,2
43,16,0.0011384,1.3873,1.8088,0.66779,6.5869,0.68889,3.6811,-0.99438,3
43,17,0.13766,1.4716,0.92246,1.2574,5.3426,0.96498,-0.28067,0.2024,3
44,1,2.8066e-05,-0.54997,0.066405,0.069674,6.9747,1.2193,0.95788,0.9729,1
44,2,0.00023447,0.20755,-1.1152,-0.51423,6.2086,-0.55963,0.83249,-0.36826,2
44,3,0.30151,0.83992,0.75767,0.93412,4.0736,-0.15934,-1.1612,-1.5876,3
44,4,0.0027566,-0.26891,0.22722,2.8306,5.0619,-1.0435,-2.4503,0.91059,2
44,5,0.018848,0.24448,1.5929,0.68531,4.5848,-1.7049,0.6633,-1.1397,2
44,6,9.2423e-05,-0.8288,0.042166,0.91083,5.3323,-0.20201,-0.075286,1.2486,1
44,7,0.0043437,0.0082528,0.74561,1.0218,4.9328,-0.21249,0.39982,1.9103,2
44,8,0.019715,0.9387,-0.0716,2.3034,5.5591,-0.25129,-0.25749,1.1654,3
44,9,0.00016524,-0.27496,-0.20341,0.97248,4.9686,0.42291,-0.26251,0.52213,2
44,10,0.0086364,0.73735,-0.48255,0.16193,5.0343,1.1866,0.50525,-0.099966,3
44,11,0.00029367,-0.053077,1.1297,1.8656,6.4481,1.1031,0.36795,1.3571,2
44,12,0.00016105,0.24176,-0.72913,-1.5552,5.6479,0.85655,-1.0175,-0.81579,2
44,13,0.00029547,-0.94712,1.6226,0.23331,6.2068,-0.41346,-0.40454,-0.90546,1
44,14,0.15886,1.1785,-1.6502,0.34802,4.0373,-1.616,0.50117,-0.51451,3
44,15,5.6788e-06,-1.1325,-1.0888,0.61246,6.4037,-0.38072,-0.88924,1.8891,1
44,16,0.0021612,1.3427,-0.92787,-1.1357,5.3921,0.44164,0.8561,-1.9585,3
44,17,8.6524e-05,-0.34666,0.97916,-0.12173,6.5641,0.32606,1.1883,0.63939,2
44,18,0.0020255,0.85605,0.71182,0.84301,7.3047,0.17817,0.56418,0.13775,3
44,19,0.00017134,-1.1204,0.7358,-0.61329,6.6979,-0.15588,1.3693,0.73521,1
44,20,2.5334e-05,-1.8609,-0.21973,-0.38736,5.7922,-1.411,-0.39929,0.35922,1
44,21,0.00070689,-0.61546,0.23228,-0.1701,4.3246,-0.4178,0.33671,-0.067198,1
44,22,1.9259e-05,-0.97179,1.7354,0.41518,6.7916,0.65301,1.5388,1.219,1
44,23,0.00010296,-1.1742,1.0066,1.156,5.9585,-1.4165,0.21479,0.78474,1
44,24,0.0017322,-0.077053,-0.34909,-1.7141,3.6922,-0.72266,-0.3017,-0.94912,2
44,25,0.0001625,0.15167,-0.60388,-0.037091,5.625,-0.5367,-0.47339,-1.0308,2
45,1,0.00015185,-0.29843,-0.99238,0.82612,5.5214,0.255,-0.91794,0.95203,2
45,2,0.0079844,1.1927,-0.81653,0.21295,4.9332,1.2263,1.0548,1.0799,3
45,3,0.00020807,-0.046164,0.1203,-0.25425,5.374,-0.097742,0.074267,0.010534,2
45,4,0.027219,-0.43905,-0.66627,-0.1183,2.5496,-1.2368,-2.3076,-1.3559,2
45,5,4.8038e-06,-1.296,0.40203,-0.28953,6.3406,-1.185,0.92822,0.7937,1
45,6,9.1169e-06,0.12909,-0.47789,-0.48004,7.0214,0.904,0.46598,0.39449,2
45,7,5.4166e-05,-2.242,1.7353,-0.23236,5.3693,-1.6479,-0.46099,0.3296,1
45,8,0.00081345,0.87504,0.83609,1.7383,7.4102,0.18809,1.3946,1.8632,3
45,9,2.073e-06,-1.3763,-0.18138,-0.66731,7.4558,-1.6759,1.0685,1.1371,1
45,10,0.00061566,-0.20544,-1.5294,-1.0938,3.7908,0.10565,-1.1037,-0.35944,2
45,11,0.0044044,-0.11198,1.7541,-0.33757,5.103,1.3131,0.84659,-1.0415,2
45,12,0.0035828,0.76011,-0.52592,-0.74326,5.9018,0.71271,-1.0775,-0.32507,3
45,13,0.0053784,0.0014203,-0.39545,-0.85128,5.4482,-1.97,-0.9382,-1.2013,2
45,14,0.0011824,-0.022382,-0.12245,-0.18044,5.237,0.26915,-0.34303,-0.92643,2
45,15,3.8293e-05,-0.48277,0.54825,-0.41208,5.9342,0.37826,-0.29714,-0.74074,1
45,16,0.13283,1.8607,-0.57001,0.01231,5.5779,-0.58989,0.4364,-2.2714,3
45,17,0.059339,1.4247,-0.28289,-0.19451,5.8728,1.7125,0.21436,-0.99062,3
45,18,0.0011569,0.8089,-0.42169,1.9722,8.4508,1.3498,-0.10624,1.7817,3
45,19,0.0057917,1.7018,0.3308,1.1052,8.5417,3.2755,0.63861,1.1772,3
45,20,0.00011085,-1.1145,0.66968,-0.20488,5.1487,-0.76891,0.85129,0.21647,1
45,21,3.9874e-05,-0.4335,-1.1495,-0.20177,5.336,-0.20108,-0.65169,-0.010523,2
45,22,0.00046175,-1.4709,0.12037,-1.0591,2.5374,-1.0706,-4.0968,-2.7397,1
45,23,0.00025011,-0.071258,0.68234,-1.6052,6.9342,1.1479,1.4539,-1.0425,2
45,24,0.084558,0.091566,-0.56961,1.4106,3.75,-1.7247,-0.87342,-0.46086,2
45,25,0.0021767,-0.4098,1.126,-0.94485,3.9934,-0.75655,1.9512,-0.89627,2
46,1,0.00043243,-0.79109,0.22528,-1.4773,4.7603,-0.35024,1.7041,0.25187,1
46,2,1.314e-06,-1.1675,-0.29683,-0.81514,6.7241,0.36548,-0.1049,1.092,1
46,3,0.00085112,-0.39961,-0.84349,-1.0474,3.7598,-0.64695,-0.74431,-0.52154,2
46,4,4.4676e-05,0.18253,-0.72155,-1.0013,6.1079,0.16257,-1.1933,-0.15554,2
46,5,0.0023835,1.659,-1.3259,2.1927,7.9409,0.33956,-0.4263,1.1988,3
46,6,0.00024242,0.14197,-0.1482,0.00021039,5.2844,0.18743,-0.27438,0.26476,2
46,7,8.3932e-06,-0.27317,0.31911,0.49342,7.2548,-0.75166,0.98657,0.39143,2
46,8,0.00047506,-1.3595,-0.22095,0.12143,4.2102,-1.7203,-0.45796,-0.57211,1
46,9,4.3361e-05,-0.46043,-0.73101,-0.25359,6.0406,-0.5365,-0.11737,0.073076,1
46,10,0.023153,0.78126,-1.1437,-0.70029,3.0913,0.35339,-1.0589,-0.10947,3
46,11,0.01413,-0.498,0.89739,1.1622,4.73,0.4136,-0.63825,0.53789,1
46,12,0.2752,2.4262,-1.1615,2.212,6.3542,-0.4109,-1.1278,0.21538,3
46,13,0.035559,1.2177,-3.1045,-0.89834,3.3942,0.082026,-2.0637,0.079038,3
46,14,0.0017376,-0.17021,0.97037,1.0426,4.2786,0.012095,-0.068386,-0.4678,2
46,15,0.0033481,0.51984,0.65085,0.0086469,6.0956,1.3611,-1.2691,-0.27881,3
46,16,0.02736,-0.96759,0.99433,0.73625,3.4578,-1.644,0.40243,0.50327,1
46,17,0.0007999,1.2093,-1.1189,0.21789,6.8094,0.22907,0.62741,0.40832,3
46,18,0.003235,0.27255,0.034451,-0.26415,4.284,-0.077688,-0.34978,0.16173,2
46,19,3.7687e-05,-0.10716,-0.090609,-1.314,7.5495,-0.063143,0.73429,-1.251,2
46,20,0.00014272,-1.9081,1.5305,1.6058,5.233,-2.6455,0.6878,0.12303,1
47,1,0.0046057,0.75904,-1.1869,0.11217,4.8736,0.2569,1.1763,0.76096,3
47,2,0.00094292,-0.43321,1.6544,-0.16359,5.3648,-0.058192,1.0362,0.4967,2
47,3,0.16234,2.7295,-0.60309,-0.83631,7.0097,2.5561,0.50175,-0.19504,3
47,4,0.012706,0.59075,-0.20977,1.8545,4.6497,0.0098716,-0.79551,1.6373,3
47,5,2.4695e-05,-0.97457,1.4548,0.16361,7.3337,1.0521,0.86077,1.0699,1
47,6,0.10912,0.45612,1.3395,0.73259,3.511,-0.38261,-0.50057,-0.80826,3
47,7,0.0036836,-0.76155,-1.3264,-0.19203,2.9143,-0.77733,-0.69674,0.13334,1
47,8,0.00010298,-1.7372,0.54702,-1.5412,4.1558,-0.60701,-1.3692,-0.48407,1
47,9,0.00029853,-0.3377,-0.99328,-1.448,4.5626,-0.89314,-0.15025,-1.3466,2
47,10,0.00013396,0.69999,-0.91475,-1.4776,7.2232,0.2734,0.87709,-0.79611,3
47,11,1.6841e-06,-2.2013,1.1727,-1.4806,6.8223,0.58429,0.96158,-0.69836,1
47,12,0.00049491,-0.52416,0.61308,-0.27435,4.7539,-0.70783,1.2394,-0.46773,1
47,13,0.00017636,0.55642,1.1821,1.3619,7.6512,1.4141,0.26835,0.96389,3
47,14,0.0013673,0.30321,1.1333,1.9751,6.4694,-0.03243,0.44398,1.468,2
47,15,0.00022048,0.93076,-1.4036,-1.1622,7.567,1.1804,0.15548,0.21586,3
47,16,0.027811,0.38887,-0.66485,-0.37247,3.3118,-1.0666,0.41433,0.19234,3
47,17,0.0045169,1.472,-1.2137,-1.169,5.7115,1.2036,0.72253,-1.9502,3
47,18,0.0011407,-0.67896,0.20162,-0.58229,3.6995,-1.5504,1.5291,-0.55281,1
47,19,0.00019486,0.50091,-1.161,-0.2874,6.5763,0.51201,-1.3563,-1.3908,3
47,20,0.0014516,0.53029,-1.6661,-2.2831,5.405,-0.26665,0.76163,-1.3735,3
47,21,0.0019186,-0.28595,-0.91453,-1.6384,3.4453,-1.4513,-0.29402,-1.8033,2
47,22,0.0063006,0.71256,-0.037501,0.79073,6.0411,0.15544,0.29282,0.27669,3
47,23,0.00031079,-0.22792,0.50154,1.5689,5.9375,-0.052467,-0.17698,0.82537,2
48,1,0.010571,0.38765,-1.4308,-1.0755,5.1951,-0.20984,-0.3283,-0.94694,3
48,2,0.00018055,-0.17776,2.1536,0.9343,7.1467,0.26674,0.88209,-0.20607,2
48,3,0.0052884,1.616,-0.69108,-0.68682,5.5858,0.76142,0.48664,-0.56605,3
48,4,0.0018086,-0.13958,0.61649,-0.34521,4.262,-0.25343,-0.2575,-1.6545,2
48,5,5.8205e-05,-1.6312,0.87699,-1.323,4.7277,-0.12838,0.93137,-0.25931,1
48,6,3.9059e-05,0.3229,0.077655,-0.064836,8.0172,-0.35005,0.49555,-0.083275,2
48,7,0.15087,2.0284,-2.1057,-1.1889,5.4951,1.651,-1.0812,-0.91959,3
48,8,1.382e-05,-1.3789,1.2574,1.0234,6.1359,-2.1682,1.0318,0.16101,1
48,9,0.0010457,-0.99805,-1.0729,-2.386,4.1648,-0.7598,-0.34771,-0.61735,1
48,10,0.1537,1.2335,0.30185,0.89929,5.3734,0.3243,0.44909,1.0638,3
48,11,9.6301e-05,0.47101,-0.16696,0.50573,7.9701,1.6689,-0.31255,1.0702,3
48,12,0.00039836,-0.056204,0.81274,0.41934,6.2419,-0.12015,0.027087,0.29313,2
48,13,0.0012667,-0.414,1.5536,0.067599,6.0959,0.45193,1.6097,0.061329,2
48,14,0.00066636,0.44274,0.27729,0.78431,7.3047,0.48231,1.3031,1.169,3
48,15,0.00098037,0.062696,-0.485,-0.70215,4.2207,-0.51374,-0.785,-1.8297,2
48,16,0.00045953,-0.88207,1.2332,0.1309,5.34,-0.48042,1.5011,0.24072,1
49,1,0.0011647,0.3542,-2.0035,-0.099191,6.9358,0.39252,-0.91102,0.38501,2
49,2,0.010746,0.71851,-0.67544,0.72234,5.6172,-0.16403,-0.8107,0.84085,3
49,3,0.00011019,-1.2385,-1.2377,-2.4578,5.0055,-0.45522,-0.91517,-0.88795,1
49,4,0.0011744,-1.3772,0.12731,-0.98319,3.27,-2.004,-2.0832,-1.6994,1
49,5,0.005233,-0.38647,-0.94102,-0.89285,4.2048,-1.2498,1.0193,-0.29109,2
49,6,0.0049065,-0.22747,0.71568,0.37866,4.8021,-0.37981,0.86052,-0.26535,2
49,7,0.010573,-0.78953,0.7472,0.74198,5.3429,-0.3418,-0.10332,-0.86499,1
49,8,7.6889e-05,-0.95718,-0.11014,-1.2535,4.7259,-0.59324,0.63333,-0.31393,1
49,9,0.0017502,0.61148,0.18212,2.5791,9.8012,0.11461,-0.4835,2.577,3
49,10,2.1336e-05,-1.213,0.44381,-1.0057,5.8351,-0.52043,0.47935,-0.9933,1
49,11,0.014937,-0.096657,0.57988,0.44848,5.2284,0.89601,-0.27031,0.2392,2
49,12,0.00022708,-0.34199,-1.758,-1.6523,6.6768,-0.29039,0.62691,-0.27571,2
49,13,0.0048228,0.03361,-1.7447,-0.58409,4.3867,-0.31801,-1.5886,0.080843,2
49,14,0.0058598,-0.22539,1.6232,-0.5393,4.6295,-0.34315,1.3055,-1.0463,2
49,15,0.0012998,-1.0284,0.792,-0.074286,4.1066,-2.2696,1.38,0.24179,1
49,16,0.10127,0.31858,-0.48956,0.69955,3.1566,-1.8028,-0.74856,-0.75246,2
49,17,0.0074846,0.24133,-1.1061,-1.8398,3.1266,-0.47942,-1.2175,-1.5841,2
49,18,0.00051011,0.6384,-0.35801,-0.21393,6.25,0.27705,0.46966,1.3173,3
50,1,0.0014854,0.8669,-0.50646,-1.7845,5.3615,0.93661,0.79325,-1.1053,3
50,2,9.614e-05,-0.74458,-0.3863,0.63636,5.672,-0.78171,0.20444,0.43211,1
50,3,0.0056868,0.56202,-2.1444,-1.0819,4.7254,-0.89021,-1.5039,-0.74309,3
50,4,0.0017926,-1.6481,0.64566,-0.38347,2.6582,-0.90618,-1.0042,-1.099,1
50,5,0.055888,0.75377,0.38307,0.91428,5.5008,0.96466,-0.30796,0.24372,3
50,6,0.00040731,0.067477,-0.034738,0.20813,5.3772,-1.704,0.62919,-0.26917,2
50,7,1.941e-05,-1.164,-1.6681,-1.0804,4.7092,-0.15395,-0.1086,0.65231,1
50,8,0.00018424,-0.33476,0.07598,-1.2654,4.7615,-0.66294,0.29604,-1.1195,2
50,9,0.0018668,-0.75975,-0.35072,-2.082,3.6278,-1.4044,-1.241,-2.7352,1
50,10,0.059713,0.43948,0.2598,-0.50087,2.9286,1.2229,-0.89393,-1.2525,3
50,11,8.2293e-06,-1.8895,1.3721,-0.91231,5.8077,-0.11081,0.85012,0.54431,1
50,12,0.0026259,0.20708,-0.47603,0.79517,4.6913,-0.47934,-0.69176,0.23436,2
50,13,0.0085994,-0.29699,1.8086,0.49851,2.8142,0.46703,-0.51117,-1.3533,2
50,14,3.8237e-05,-1.3915,-1.3057,-0.87714,4.8602,-1.1417,-0.097147,0.2039,1
50,15,5.9077e-05,-0.71496,0.24005,0.26836,6.182,-0.90463,0.92179,0.32981,1
50,16,0.0063971,1.2461,0.20291,0.71259,5.6731,2.3999,-0.20525,0.28363,3
50,17,9.9932e-05,-0.11632,-0.35643,-0.51562,5.5068,0.070113,0.20812,0.3831,2
50,18,0.22694,1.9098,0.024378,0.71249,5.0768,-0.63058,-0.85614,-1.7771,3
50,19,0.002334,-0.012038,-0.090591,1.1567,5.6646,0.34308,-1.0515,1.1088,2
50,20,0.0019733,0.14548,0.27686,0.23245,5,0.092803,-0.0039904,-0.65926,2
50,21,0.00053853,-1.9681,1.4002,-0.047396,2.7579,-1.7606,-1.0792,-1.8187,1
50,22,0.00024706,-1.2978,0.42011,-0.28478,4.7708,-0.72,-1.2434,-0.8417,1
